brix_scaled,temperature_scaled,alcohol_scaled,timestamp
1.0,1.0,1.0,2025-10-06 16:08:45.513729
0.9516066734825724,0.9892711801701806,0.9516100136067966,2025-10-06 16:08:58.411916
0.9080152096132081,0.9792822789493139,0.9080213688248933,2025-10-06 16:09:10.999436
0.8692256083919074,0.9700332963374052,0.8692340656542901,2025-10-06 16:09:23.931160
0.8379566619308352,0.9604143544210162,0.837966653174397,2025-10-06 16:09:39.360793
0.806914006465847,0.953755086940439,0.8069253292742764,2025-10-06 16:09:52.184417
0.7786256469562314,0.9441361450240491,0.7786380879190125,2025-10-06 16:10:05.014049
0.7614191490337557,0.9337772844987073,0.7614323164280303,2025-10-06 16:10:19.631569
0.7660915308081755,0.9234184239733647,0.7661044983280163,2025-10-06 16:10:34.292574
0.7667529441088763,0.9123196448390702,0.7667658696696047,2025-10-06 16:10:46.968348
0.7644493744286757,0.9064002959674458,0.7644623778881159,2025-10-06 16:11:01.854007
0.7525837241019511,0.9049204587495403,0.7525971480864508,2025-10-06 16:11:16.785212
0.7249054659087385,0.9004809470958213,0.7249197413074899,2025-10-06 16:11:29.947419
0.7036489545960155,0.8975212726600104,0.7036638097758254,2025-10-06 16:11:42.821448
0.6899540809954658,0.8923418423973395,0.689969284584069,2025-10-06 16:11:55.471748
0.6895043411570819,0.8893821679615259,0.6895195551616742,2025-10-06 16:12:08.127238
0.7001680755084055,0.8849426563078078,0.7001830140634462,2025-10-06 16:12:20.945290
0.7200542640822933,0.8819829818719969,0.7200686854555622,2025-10-06 16:12:36.935196
0.733408269070641,0.8768035516093251,0.7334223106125186,2025-10-06 16:12:49.573478
0.7428696851767277,0.8738438771735133,0.7428834545175218,2025-10-06 16:13:02.132408
0.7351104379045822,0.8694043655197952,0.7351244158885315,2025-10-06 16:13:14.718613
0.7277542933335666,0.8664446910839834,0.7277684815404413,2025-10-06 16:13:29.283647
0.7110704419778066,0.8612652608213116,0.7110851005590098,2025-10-06 16:13:42.102617
0.6942387948224154,0.8568257491675935,0.6942539056295574,2025-10-06 16:13:58.264801
0.68648406054584,0.8560858305586407,0.686499389239908,2025-10-06 16:14:11.081809
0.7018044673447058,0.855345911949688,0.701819353770917,2025-10-06 16:14:24.592144
0.7298412140888093,0.8509064002959699,0.7298554385325431,2025-10-06 16:14:39.839637
0.7256342634805251,0.845726970033299,0.7256484393539531,2025-10-06 16:14:52.559209
0.6844343072398071,0.8427672955974872,0.6844491589700898,2025-10-06 16:15:05.846997
0.6554188231261752,0.8383277839437682,0.6554344081599037,2025-10-06 16:15:20.888034
0.5969592416581089,0.8353681095079564,0.5969759017327803,2025-10-06 16:15:33.672773
0.5920289024589108,0.8301886792452846,0.5920456009651246,2025-10-06 16:15:46.727023
0.6329157991798333,0.8257491675915674,0.6329317551599407,2025-10-06 16:16:03.369431
0.6575138715963152,0.8235294117647074,0.6575294737679969,2025-10-06 16:16:16.036871
0.6817282861080328,0.8250092489826146,0.6817434657529529,2025-10-06 16:16:28.586842
0.7265912686051714,0.8264890862005201,0.7266057524695433,2025-10-06 16:16:41.359763
0.7359237139609666,0.824269330373661,0.7359376483621582,2025-10-06 16:16:56.649018
0.7698131021293211,0.8198298187199438,0.7698258943057257,2025-10-06 16:17:10.250202
0.8127906781486686,0.814650388457272,0.8128017506945555,2025-10-06 16:17:23.155674
0.8467612848425574,0.8102108768035539,0.8467707796962631,2025-10-06 16:17:35.786783
0.8784255274204477,0.8079911209766948,0.878433461523648,2025-10-06 16:17:50.903117
0.8992650326513223,0.8094709581946011,0.8992717892437181,2025-10-06 16:18:03.760843
0.9185591087508932,0.8109507954125075,0.9185646989694785,2025-10-06 16:18:16.708458
0.932838082571149,0.8072512023677412,0.9328427798996206,2025-10-06 16:18:29.537812
0.9312438024642864,0.8065112837587884,0.9312485727501845,2025-10-06 16:18:42.122458
0.9198905258139347,0.8035516093229775,0.9198959726271332,2025-10-06 16:18:56.983601
0.9130345846777311,0.7998520162782121,0.9130405342406234,2025-10-06 16:19:10.014139
0.890014240599093,0.7968923418423994,0.8900214930536612,2025-10-06 16:19:22.871178
0.864480372185077,0.7961524232334467,0.8644889261906905,2025-10-06 16:19:37.366362
0.8405736560474351,0.7924528301886831,0.8405833499721909,2025-10-06 16:19:50.304605
0.8097605343989713,0.7939326674065885,0.8097717576155301,2025-10-06 16:20:02.967303
0.7912444992783156,0.7939326674065885,0.7912565905822269,2025-10-06 16:20:15.491416
0.7881544446995556,0.7939326674065885,0.7881665974025731,2025-10-06 16:20:28.341732
0.7905117416988735,0.7939326674065885,0.7905237838963661,2025-10-06 16:20:40.898608
0.8032410891454363,0.795412504624494,0.8032525720526469,2025-10-06 16:20:53.493079
0.8200496668492422,0.7917129115797286,0.8200604200290171,2025-10-06 16:21:08.330443
0.8341901535131693,0.790972992970775,0.8342002987180404,2025-10-06 16:21:20.934579
0.8463278050759021,0.788013318534964,0.8463374131651993,2025-10-06 16:21:33.736501
0.8406872501781906,0.7843137254901977,0.8406971181019589,2025-10-06 16:21:46.310049
0.8216121842283394,0.7813540510543859,0.8216228543440101,2025-10-06 16:21:58.912838
0.8086131773536328,0.7806141324454323,0.8086244196900123,2025-10-06 16:22:11.516698
0.7903481756999599,0.7769145394006678,0.7903601872714745,2025-10-06 16:22:24.132463
0.7741234090400665,0.7783943766185732,0.7741360861963298,2025-10-06 16:22:39.366614
0.7668142848449053,0.7783943766185732,0.7668272181493312,2025-10-06 16:22:54.110897
0.771084226865134,0.7783943766185732,0.7710969910747638,2025-10-06 16:23:06.703510
0.7732853290255036,0.7783943766185732,0.7732980203938444,2025-10-06 16:23:19.302249
0.7943647195914543,0.7783943766185732,0.7943765894341903,2025-10-06 16:23:33.854495
0.8221446300850735,0.7798742138364796,0.8221552956091414,2025-10-06 16:23:46.427944
0.8376190245856857,0.7776544580096205,0.8376290129810524,2025-10-06 16:23:59.032063
0.8411516858949916,0.7732149463559033,0.8411614909286849,2025-10-06 16:24:11.877790
0.8386306859843747,0.7680355160932315,0.8386406137563871,2025-10-06 16:24:27.495313
0.8235616751770344,0.7635960044395134,0.8235722945467125,2025-10-06 16:24:42.120503
0.8217142949633924,0.7613762486126543,0.8217251318239793,2025-10-06 16:24:54.827249
0.8029546183566824,0.7628560858305606,0.8029660695385152,2025-10-06 16:25:07.658356
0.7720283475201339,0.7628560858305606,0.7720409118828548,2025-10-06 16:25:20.503287
0.747518073177815,0.7628560858305606,0.7475315045002027,2025-10-06 16:25:33.277591
0.7341622116809753,0.7628560858305606,0.7341761691310262,2025-10-06 16:25:47.875719
0.7289550308605106,0.7628560858305606,0.7289692366785887,2025-10-06 16:26:00.470702
0.7459890181230862,0.7628560858305606,0.7460026781005096,2025-10-06 16:26:13.067632
0.7494308749432925,0.7628560858305606,0.7494444044977147,2025-10-06 16:26:25.685959
0.7610953797623791,0.7628560858305606,0.7611085320234123,2025-10-06 16:26:38.513762
0.7547587798053529,0.7628560858305606,0.7547720950166461,2025-10-06 16:26:51.066141
0.7491864646366221,0.7643359230484661,0.7491999405488385,2025-10-06 16:27:05.907409
0.7324316687626161,0.7621161672216079,0.7324456701950146,2025-10-06 16:27:18.496453
0.7166734185238421,0.7576766555678898,0.7166879340222889,2025-10-06 16:27:31.334664
0.7062397437243226,0.7524972253052189,0.7062545700227498,2025-10-06 16:27:44.917622
0.7096577642257846,0.7480577136515008,0.7096724775730241,2025-10-06 16:27:58.221331
0.702892641383298,0.7458379578246417,0.7029075393497117,2025-10-06 16:28:11.391009
0.7042144323801163,0.747317795042548,0.7042292979374793,2025-10-06 16:28:24.160023
0.7110361814124166,0.747317795042548,0.7110508596431617,2025-10-06 16:28:36.753675
0.7217183645075521,0.747317795042548,0.721732750404253,2025-10-06 16:28:49.777234
0.728786361899929,0.747317795042548,0.7288005535072084,2025-10-06 16:29:02.346189
0.7413991198107032,0.747317795042548,0.7414129409071468,2025-10-06 16:29:15.172280
0.7606593963379021,0.747317795042548,0.7606725459727424,2025-10-06 16:29:28.023081
0.7884118044256243,0.747317795042548,0.7884238498615224,2025-10-06 16:29:43.599896
0.8161592470462312,0.747317795042548,0.8161701763356906,2025-10-06 16:29:56.400647
0.8388561877513242,0.747317795042548,0.8388661430049529,2025-10-06 16:30:09.055672
0.8442675931122673,0.747317795042548,0.8442772999183208,2025-10-06 16:30:21.629979
0.8306834280762694,0.747317795042548,0.8306937206437599,2025-10-06 16:30:34.359703
0.8139944512229753,0.747317795042548,0.8140055019380554,2025-10-06 16:30:47.041132
0.799649874354812,0.747317795042548,0.7996616037403661,2025-10-06 16:30:59.624412
0.7675450165958889,0.747317795042548,0.7675579012185758,2025-10-06 16:31:12.425199
0.7363348007304634,0.747317795042548,0.7363486371270245,2025-10-06 16:31:25.187322
0.7042069724772345,0.7487976322604544,0.7042217303106493,2025-10-06 16:31:39.775709
0.6821576051080662,0.7450980392156881,0.6821730222274149,2025-10-06 16:31:52.532846
0.6788705429205988,0.7443581206067362,0.678886046152051,2025-10-06 16:32:05.160475
0.6824205928693557,0.7413984461709235,0.6824359766775865,2025-10-06 16:32:19.771922
0.671803065553323,0.7376988531261581,0.6718186560333645,2025-10-06 16:32:32.359034
0.6621686925083177,0.7347391786903463,0.6621844787912747,2025-10-06 16:32:47.922237
0.6468941151458305,0.7339992600813927,0.6469102037724535,2025-10-06 16:33:00.508406
0.6422050119319972,0.7302996670366273,0.6422211992932794,2025-10-06 16:33:13.111222
0.6567786334733587,0.7317795042545336,0.6567945113020801,2025-10-06 16:33:25.645639
0.6712363204211533,0.7317795042545336,0.6712519078957555,2025-10-06 16:33:38.199501
0.6876025007605795,0.7317795042545336,0.6876177320770112,2025-10-06 16:33:50.801763
0.7043920893675123,0.7317795042545336,0.7044069584478683,2025-10-06 16:34:03.390434
0.7027632314432584,0.7317795042545336,0.7027781356008693,2025-10-06 16:34:15.987997
0.7001102042156313,0.7317795042545336,0.7001251667900943,2025-10-06 16:34:28.775088
0.7043834268762267,0.7317795042545336,0.7043982938656184,2025-10-06 16:34:41.575424
0.7130536404319553,0.7317795042545336,0.7130682531052628,2025-10-06 16:34:54.173365
0.7312690064311413,0.7317795042545336,0.731283089267732,2025-10-06 16:35:06.975975
0.7589100679826171,0.7317795042545336,0.7589232620178405,2025-10-06 16:35:19.585536
0.7739674818795851,0.7317795042545336,0.7739801543130111,2025-10-06 16:35:32.196405
0.7762684956085465,0.7317795042545336,0.7762810909008675,2025-10-06 16:35:44.778403
0.7610276025044115,0.7317795042545336,0.761040699364254,2025-10-06 16:35:57.575317
0.7420901958953965,0.7317795042545336,0.7421039309049955,2025-10-06 16:36:10.354897
0.7276599358766326,0.7317795042545336,0.7276741709423995,2025-10-06 16:36:22.953596
0.7333197759822229,0.7317795042545336,0.7333338243699259,2025-10-06 16:36:35.766986
0.7411807348738262,0.73325934147244,0.7411945655924792,2025-10-06 16:36:48.552204
0.729922638500037,0.7295597484276746,0.7299367394849003,2025-10-06 16:37:01.149917
0.7098391494694459,0.7273399926008155,0.7098537747617224,2025-10-06 16:37:13.756596
0.6927675293482655,0.7280799112097682,0.6927826322999897,2025-10-06 16:37:26.353098
0.6775890515254991,0.7266000739918628,0.677604557123147,2025-10-06 16:37:38.939931
0.6809462659406696,0.7243803181650037,0.6809616816663069,2025-10-06 16:37:51.541890
0.690846677802211,0.7229004809470974,0.690861866912418,2025-10-06 16:38:05.370835
0.6888953944003807,0.7155012948575674,0.6889106258296194,2025-10-06 16:38:18.167095
0.684210945726659,0.7169811320754738,0.684226285513434,2025-10-06 16:38:30.766793
0.6846611740713133,0.7206807251202383,0.6846765058600046,2025-10-06 16:38:43.868857
0.6808085881283565,0.7214206437291919,0.6808240095200486,2025-10-06 16:38:56.458565
0.6812020586385031,0.7206807251202383,0.6812174740526724,2025-10-06 16:39:09.052898
0.6904078550258703,0.7184609692933792,0.6904230547401344,2025-10-06 16:39:21.658282
0.7067241811570052,0.7147613762486138,0.7067391664940834,2025-10-06 16:39:34.449172
0.6853354936372595,0.7162412134665201,0.6853507802400951,2025-10-06 16:39:47.256971
0.6349876318147747,0.7162412134665201,0.6350034455485107,2025-10-06 16:39:59.840539
0.5755149118509963,0.7162412134665201,0.5755313584600652,2025-10-06 16:40:12.439056
0.5273483672390538,0.7162412134665201,0.5273653966705615,2025-10-06 16:40:25.033994
0.5154554699533966,0.7162412134665201,0.5154726448628077,2025-10-06 16:40:37.635802
0.5462311403045191,0.7162412134665201,0.5462481328818622,2025-10-06 16:40:50.431940
0.5641457300998107,0.7162412134665201,0.5641627040591963,2025-10-06 16:41:03.229314
0.559783967367639,0.7162412134665201,0.5598009388692926,2025-10-06 16:41:17.762470
0.5533587534435271,0.7162412134665201,0.5533757354954616,2025-10-06 16:41:30.571802
0.5511788774440411,0.7177210506844265,0.5511958879961283,2025-10-06 16:41:43.156528
0.5423146431738263,0.7140214576396611,0.5423316778852889,2025-10-06 16:41:55.971149
0.5304187488164522,0.7118017018128029,0.53043573777779,2025-10-06 16:42:08.552164
0.5152139144545189,0.7110617832038493,0.515230876833011,2025-10-06 16:42:21.163224
0.498671563047388,0.7118017018128029,0.49868853223994625,2025-10-06 16:42:33.756509
0.5019262454293203,0.7155012948575674,0.5019432337026593,2025-10-06 16:42:46.550779
0.526895919878462,0.7155012948575674,0.5269129208210659,2025-10-06 16:42:59.141085
0.5508206087612729,0.7118017018128029,0.5508376116561833,2025-10-06 16:43:11.748118
0.5648727427808267,0.7110617832038493,0.5648897174309231,2025-10-06 16:43:24.335414
0.5634587466879173,0.7132815390307083,0.5634757163738499,2025-10-06 16:43:36.937789
0.5502073248230407,0.7132815390307083,0.5502243244286911,2025-10-06 16:43:49.528636
0.5447314011359047,0.7110617832038502,0.5447484201218076,2025-10-06 16:44:02.336598
0.5412694978746324,0.7081021087680366,0.5412865211814468,2025-10-06 16:44:15.435184
0.5408311115538842,0.7058823529411784,0.5408481344437024,2025-10-06 16:44:28.034084
0.5450826638485681,0.704402515723273,0.5450996831689634,2025-10-06 16:44:40.618958
0.5430225177255884,0.7051424343322257,0.5430395528435086,2025-10-06 16:44:53.224369
0.5466724325810766,0.7029226785053666,0.5466894514701826,2025-10-06 16:45:06.020962
0.5676089494329288,0.6977432482426948,0.5676258999086641,2025-10-06 16:45:18.625414
0.5701438790569746,0.7029226785053666,0.5701608061852571,2025-10-06 16:45:31.214268
0.5590245792529385,0.7051424343322257,0.5590415135786768,2025-10-06 16:45:45.752671
0.5392043678818607,0.7058823529411784,0.5392213335690812,2025-10-06 16:45:58.348999
0.5229328361513277,0.7051424343322257,0.5229498649574109,2025-10-06 16:46:10.938152
0.5126468453268194,0.7029226785053666,0.5126638827249297,2025-10-06 16:46:23.740599
0.5145654132943267,0.6992230854606012,0.5145824349303816,2025-10-06 16:46:36.535341
0.5206278072871556,0.7007029226785075,0.5206448274760491,2025-10-06 16:46:49.340576
0.525231041884623,0.7007029226785075,0.5252480733391658,2025-10-06 16:47:01.938210
0.536153961306995,0.7007029226785075,0.5361709838459273,2025-10-06 16:47:14.530092
0.5568800584599645,0.7007029226785075,0.5568970592023069,2025-10-06 16:47:27.336934
0.5760341984420076,0.7007029226785075,0.576051083314294,2025-10-06 16:47:39.926702
0.5912890881587908,0.7007029226785075,0.5913058531115928,2025-10-06 16:47:52.529956
0.6008085143052785,0.7007029226785075,0.6008252255363364,2025-10-06 16:48:05.124141
0.6044105600325452,0.7007029226785075,0.6044272218349418,2025-10-06 16:48:17.704759
0.6055078908090086,0.7007029226785075,0.6055245408713268,2025-10-06 16:48:30.325013
0.6026168262020593,0.7007029226785075,0.6026335150133706,2025-10-06 16:48:42.902319
0.5948884955756648,0.7007029226785075,0.5949052372153404,2025-10-06 16:48:55.506926
0.5798061059068187,0.7007029226785075,0.579822946638525,2025-10-06 16:49:08.103541
0.5696178997363472,0.7007029226785075,0.5696348621926892,2025-10-06 16:49:20.684730
0.5529329122574436,0.7007029226785075,0.5529499018980716,2025-10-06 16:49:33.290701
0.5398049811675114,0.7007029226785075,0.5398219802246411,2025-10-06 16:49:45.876909
0.5280437202849682,0.7007029226785075,0.5280607162883786,2025-10-06 16:49:58.504063
0.5237699130021702,0.7007029226785075,0.5237869229369847,2025-10-06 16:50:11.087818
0.5235109698889889,0.7007029226785075,0.5235280033667804,2025-10-06 16:50:23.669927
0.5354145398665113,0.7007029226785075,0.535431579571616,2025-10-06 16:50:36.277833
0.537801303176265,0.7007029226785075,0.5378183394888844,2025-10-06 16:50:48.852035
0.5366992275968471,0.7007029226785075,0.536716266124035,2025-10-06 16:51:01.654325
0.5292703345581788,0.7007029226785075,0.5292873751052376,2025-10-06 16:51:14.456998
0.5310977135379757,0.7007029226785075,0.5311147693532474,2025-10-06 16:51:29.007809
0.5243117510369792,0.7007029226785075,0.5243288223964708,2025-10-06 16:51:41.592914
0.49958812981583006,0.7007029226785075,0.49960504693720753,2025-10-06 16:51:54.203127
0.475326028883147,0.7007029226785075,0.47534276147017207,2025-10-06 16:52:08.729383
0.4566851810230777,0.7007029226785075,0.4567018116271718,2025-10-06 16:52:21.329135
0.4376077851251564,0.7007029226785075,0.4376242381826218,2025-10-06 16:52:33.920645
0.43404328189939084,0.7007029226785075,0.4340596706710353,2025-10-06 16:52:46.521815
0.44415079893900805,0.7007029226785075,0.44416729400998667,2025-10-06 16:52:59.111125
0.44725418066663264,0.7007029226785075,0.4472707114496128,2025-10-06 16:53:13.661492
0.4464136875991074,0.702182759896413,0.44643020942634115,2025-10-06 16:53:26.243000
0.45054414368223256,0.6984831668516476,0.4505607281337464,2025-10-06 16:53:38.843638
0.43591248698786345,0.6962634110247894,0.43592888353056736,2025-10-06 16:53:51.435511
0.42334465381493774,0.6955234924158367,0.4233608994130425,2025-10-06 16:54:04.242856
0.4247631088896401,0.6962634110247894,0.42477936714929965,2025-10-06 16:54:16.833770
0.42886761972502047,0.6999630040695548,0.4288839344426139,2025-10-06 16:54:29.369175
0.42674613990089816,0.7014428412874603,0.4267624271708512,2025-10-06 16:54:42.022296
0.42928435857797487,0.6940436551979312,0.42930068597620136,2025-10-06 16:54:54.623786
0.42883368398309796,0.692563817980024,0.42885000489217334,2025-10-06 16:55:07.219315
0.4369319261866587,0.6903440621531658,0.4369483402556128,2025-10-06 16:55:23.319113
0.447600871409641,0.6873843877173531,0.44761741807632965,2025-10-06 16:55:35.884270
0.4591523792364991,0.6918238993710712,0.45916906101675964,2025-10-06 16:55:48.495465
0.4616679884168512,0.6918238993710712,0.46168469517530425,2025-10-06 16:56:01.077442
0.4616544233068507,0.6888642249352595,0.4616711303012017,2025-10-06 16:56:13.602723
0.4646213872532149,0.6896041435442122,0.4646381168426783,2025-10-06 16:56:26.161858
0.47195341870811686,0.6859045504994477,0.4719702123682092,2025-10-06 16:56:38.766397
0.47916322678248885,0.6859045504994477,0.47918007378677,2025-10-06 16:56:51.352989
0.4913695708047007,0.6896041435442122,0.4913865001407593,2025-10-06 16:57:03.876406
0.4958860494327481,0.6903440621531649,0.4959030037146663,2025-10-06 16:57:16.463544
0.5016498145034158,0.6896041435442122,0.5016667957815375,2025-10-06 16:57:29.031546
0.501207659234747,0.6873843877173531,0.5012246354396409,2025-10-06 16:57:41.631754
0.49587371786809037,0.6836847946725886,0.49589066572697554,2025-10-06 16:57:54.434112
0.48579024588133113,0.685164631890494,0.48580713315626073,2025-10-06 16:58:06.935884
0.4977456885356285,0.685164631890494,0.49776285173891655,2025-10-06 16:58:19.464078
0.46697718095475627,0.685164631890494,0.4669938253289043,2025-10-06 16:58:32.020176
0.41987358495412697,0.685164631890494,0.4198893305931386,2025-10-06 16:58:44.532307
0.37176006538142653,0.685164631890494,0.3717750015339429,2025-10-06 16:58:59.064993
0.3329881510423272,0.685164631890494,0.3330024470172154,2025-10-06 16:59:11.566774
0.3142482124637478,0.685164631890494,0.3142622707065885,2025-10-06 16:59:24.062733
0.3397698836464904,0.685164631890494,0.33978447610278234,2025-10-06 16:59:36.634094
0.34897281737055597,0.685164631890494,0.34898762549087636,2025-10-06 16:59:49.233841
0.3632529172101752,0.685164631890494,0.3632680246269284,2025-10-06 17:00:01.743309
0.3836314743138347,0.685164631890494,0.383647022364786,2025-10-06 17:00:14.517208
0.39957519747061215,0.685164631890494,0.39959105888504254,2025-10-06 17:00:27.318882
0.40544740322397554,0.685164631890494,0.40546337172875097,2025-10-06 17:00:39.917210
0.40703726000830703,0.685164631890494,0.4070532525982212,2025-10-06 17:00:52.511458
0.4110891781800253,0.685164631890494,0.41110523513413977,2025-10-06 17:01:05.099535
0.42761601490737927,0.685164631890494,0.4276322971853399,2025-10-06 17:01:17.910902
0.437687360672315,0.685164631890494,0.43770378083692857,2025-10-06 17:01:30.522226
0.439276857010749,0.685164631890494,0.43929329952118795,2025-10-06 17:01:43.092749
0.43055361539281545,0.685164631890494,0.43056993450573866,2025-10-06 17:01:55.684991
0.42033198757318013,0.685164631890494,0.4203481779308315,2025-10-06 17:02:08.276591
0.41894550121819346,0.685164631890494,0.4189616875989533,2025-10-06 17:02:20.878986
0.4382017448744689,0.685164631890494,0.43821816458164947,2025-10-06 17:02:33.472978
0.4564226642997248,0.685164631890494,0.4564393016936892,2025-10-06 17:02:46.082022
0.46815275634565406,0.685164631890494,0.46816952427024766,2025-10-06 17:02:58.668183
0.4671234460635228,0.685164631890494,0.4671402008325001,2025-10-06 17:03:11.272733
0.4591965172523464,0.685164631890494,0.45921318981047327,2025-10-06 17:03:23.851288
0.4508321880860123,0.685164631890494,0.45084878220745694,2025-10-06 17:03:36.360028
0.45264889731041846,0.6866444691084004,0.45266550759436114,2025-10-06 17:03:48.938741
0.458482318471644,0.6829448760636359,0.4584989867584977,2025-10-06 17:04:01.649408
0.4661530064155658,0.6822049574546813,0.4661697553957607,2025-10-06 17:04:14.175387
0.4635329050683668,0.6792452830188704,0.46354962457839893,2025-10-06 17:04:28.784837
0.46249670344518834,0.6740658527561987,0.4625134269079104,2025-10-06 17:04:41.386764
0.44895184495450297,0.6748057713651514,0.4489684068193869,2025-10-06 17:04:53.973325
0.4354801308290522,0.6748057713651514,0.43549651783420124,2025-10-06 17:05:06.576288
0.4224714317579904,0.6755456899741041,0.42248764497906677,2025-10-06 17:05:19.161025
0.4181433542225435,0.6770255271920114,0.4181595094334792,2025-10-06 17:05:31.750915
0.41952835202670113,0.6792452830188696,0.4195445397033351,2025-10-06 17:05:44.350055
0.425164881513685,0.675545689974105,0.42518114669733825,2025-10-06 17:05:56.943141
0.4203452367519253,0.6792452830188696,0.42036142565352114,2025-10-06 17:06:09.549120
0.41481936111747797,0.6770255271920114,0.41483546849556036,2025-10-06 17:06:22.063443
0.41390135687462487,0.6770255271920105,0.41391744980805345,2025-10-06 17:06:34.637299
0.4191843067043266,0.6725860155382923,0.4192004783298051,2025-10-06 17:06:47.225307
0.43372648537065267,0.6718460969293396,0.4337428810050738,2025-10-06 17:06:59.816509
0.43652939522001305,0.6681465038845742,0.43654585585573225,2025-10-06 17:07:12.422467
0.4157877473149791,0.6696263411024796,0.41580381852590387,2025-10-06 17:07:25.016949
0.38408375932445277,0.6696263411024796,0.38409923159873727,2025-10-06 17:07:37.614865
0.3587656731777748,0.6696263411024796,0.3587806612409106,2025-10-06 17:07:50.203565
0.3474900542716758,0.6696263411024796,0.34750485349509597,2025-10-06 17:08:04.741474
0.3492414635516765,0.6696263411024796,0.3492562794465609,2025-10-06 17:08:17.554094
0.34905644881271775,0.6696263411024796,0.34907124322828437,2025-10-06 17:08:30.138341
0.3395548358023187,0.6696263411024796,0.3395693956962894,2025-10-06 17:08:42.738508
0.331068907700818,0.6696263411024796,0.33108326814308253,2025-10-06 17:08:55.531506
0.3342978499758936,0.6696263411024796,0.33431229242030464,2025-10-06 17:09:08.137988
0.3498762482738421,0.6696263411024796,0.3498910671702266,2025-10-06 17:09:20.664844
0.3655175041158528,0.6696263411024796,0.36553268969030867,2025-10-06 17:09:33.177066
0.3792812144173522,0.6696263411024796,0.3792966911361408,2025-10-06 17:09:47.763504
0.39540413038539807,0.6696263411024796,0.3954199075694989,2025-10-06 17:10:02.293609
0.4059467816502592,0.6696263411024796,0.4059627442578336,2025-10-06 17:10:14.900241
0.40904944013467703,0.6696263411024796,0.4090654584067053,2025-10-06 17:10:27.491512
0.40474220866689825,0.6696263411024796,0.40475815362829987,2025-10-06 17:10:40.285622
0.40369994662000064,0.6696263411024796,0.4037158697480939,2025-10-06 17:10:52.891817
0.4033154344849668,0.6696263411024796,0.4033313545797395,2025-10-06 17:11:05.470283
0.4130070687601503,0.6696263411024796,0.41302314401875995,2025-10-06 17:11:18.070552
0.42015441884588234,0.6696263411024796,0.42017061806181344,2025-10-06 17:11:30.671311
0.43059068892554764,0.6696263411024796,0.43060702679010177,2025-10-06 17:11:43.271649
0.4388103303851346,0.6696263411024796,0.4388267799827598,2025-10-06 17:11:55.860512
0.43807059506800106,0.6696263411024796,0.43808702442455094,2025-10-06 17:12:08.452938
0.4267063547761399,0.6696263411024796,0.4267226119259984,2025-10-06 17:12:21.045070
0.41414754721610636,0.6696263411024796,0.4141636223030222,2025-10-06 17:12:33.645975
0.4028485805765279,0.6696263411024796,0.4028645062495244,2025-10-06 17:12:46.244768
0.40705071145893296,0.6696263411024796,0.4070667034798547,2025-10-06 17:12:58.757748
0.422149028346863,0.6696263411024796,0.42216524799851735,2025-10-06 17:13:11.280177
0.435892521135082,0.6696263411024796,0.4359089254410891,2025-10-06 17:13:23.829725
0.451968882777611,0.6696263411024796,0.4519854835416052,2025-10-06 17:13:36.355925
0.4613954909511902,0.671106178320386,0.4614122081019217,2025-10-06 17:13:48.917299
0.45368253443893697,0.6674065852756215,0.45369914149091833,2025-10-06 17:14:01.720724
0.4407586790472625,0.6651868294487624,0.44077512590541507,2025-10-06 17:14:14.409235
0.4283724461297364,0.6659267480577142,0.4283887501520037,2025-10-06 17:14:27.006524
0.4133457897605942,0.6644469108398088,0.41336188163364085,2025-10-06 17:14:39.595298
0.40300545233674107,0.6607473177950443,0.4030213624472479,2025-10-06 17:14:52.397079
0.4006154988858932,0.6629670736219033,0.4006313628671137,2025-10-06 17:15:04.998745
0.3938613204568188,0.6592674805771379,0.39387707703567754,2025-10-06 17:15:17.583782
0.39004662919728034,0.656307806141327,0.3900623120116022,2025-10-06 17:15:30.187085
0.3911450980447332,0.6607473177950443,0.391160798735559,2025-10-06 17:15:44.720541
0.39220299009943504,0.6607473177950443,0.3922187096982838,2025-10-06 17:15:57.522490
0.390713402922073,0.6577876433592325,0.3907290967604311,2025-10-06 17:16:10.124655
0.3950331628970064,0.6585275619681852,0.39504893686577314,2025-10-06 17:16:22.712707
0.4000373865050233,0.6563078061413261,0.40005325721492785,2025-10-06 17:16:35.732325
0.3940515600369004,0.6526082130965607,0.39406731544705975,2025-10-06 17:16:48.521195
0.3892202667145188,0.654088050314467,0.3892359314017878,2025-10-06 17:17:01.126169
0.3847434645464609,0.654088050314467,0.3847590412750353,2025-10-06 17:17:13.712420
0.37995866357332136,0.654088050314467,0.3799741504889208,2025-10-06 17:17:26.534674
0.3771012301113321,0.654088050314467,0.3771166624772106,2025-10-06 17:17:39.111370
0.3803965758246937,0.654088050314467,0.38041207276744693,2025-10-06 17:17:51.698955
0.38088058875824554,0.654088050314467,0.3808960950508688,2025-10-06 17:18:04.201273
0.3849608680953436,0.654088050314467,0.38497645462487756,2025-10-06 17:18:16.989671
0.38862847335256884,0.654088050314467,0.388644133121411,2025-10-06 17:18:29.589819
0.3889926550392185,0.654088050314467,0.3890083237978214,2025-10-06 17:18:42.111378
0.38121073345079204,0.654088050314467,0.3812262431142003,2025-10-06 17:18:54.626324
0.36795700585687036,0.654088050314467,0.3679722287964629,2025-10-06 17:19:07.166731
0.3543830316790118,0.654088050314467,0.3543979604709936,2025-10-06 17:19:19.762672
0.3482674498421092,0.654088050314467,0.34828224482114056,2025-10-06 17:19:32.366072
0.35234991985297565,0.654088050314467,0.3523648039210844,2025-10-06 17:19:44.960131
0.35651646247998475,0.654088050314467,0.35653144540488513,2025-10-06 17:19:57.551285
0.36782210259038983,0.654088050314467,0.3678373411434649,2025-10-06 17:20:10.152520
0.36843668485271186,0.654088050314467,0.36845193253553066,2025-10-06 17:20:22.743729
0.3602810495275038,0.654088050314467,0.3602961018288306,2025-10-06 17:20:35.451368
0.34534737223292294,0.654088050314467,0.3453620689151097,2025-10-06 17:20:48.041232
0.34018709705018135,0.654088050314467,0.3402016713804735,2025-10-06 17:21:00.640991
0.3377289694100045,0.654088050314467,0.3377434970625661,2025-10-06 17:21:13.228809
0.3527326492926974,0.654088050314467,0.3527475296042225,2025-10-06 17:21:25.825557
0.3603968527537377,0.654088050314467,0.36041192197265604,2025-10-06 17:21:38.413297
0.3582184715570864,0.654088050314467,0.3582334918690568,2025-10-06 17:21:51.014751
0.3441733408474792,0.654088050314467,0.3441880220457225,2025-10-06 17:22:03.602381
0.3370191368283809,0.654088050314467,0.3370336444060272,2025-10-06 17:22:16.205487
0.3326095807478467,0.654088050314467,0.3326239862175936,2025-10-06 17:22:28.782655
0.3385672605195901,0.654088050314467,0.3385818103744438,2025-10-06 17:22:41.605892
0.344291125869519,0.654088050314467,0.34430582092875617,2025-10-06 17:22:54.395977
0.35299944702999825,0.654088050314467,0.3530143493638692,2025-10-06 17:23:07.119420
0.36118199675438223,0.654088050314467,0.3611970824697763,2025-10-06 17:23:19.693358
0.36403099161015207,0.6555678875323734,0.3640461417811809,2025-10-06 17:23:32.280029
0.3641436868229216,0.651868294487608,0.3641588415051789,2025-10-06 17:23:46.829714
0.3670762374387225,0.6511283758786552,0.3670914533238992,2025-10-06 17:23:59.417679
0.37790106341014945,0.6466888642249371,0.3779165378705243,2025-10-06 17:24:11.946368
0.3728600016756039,0.6452090270070316,0.3728753302212589,2025-10-06 17:24:24.500687
0.35300130719926354,0.6481687014428434,0.35301609910147136,2025-10-06 17:24:37.116448
0.3249243732914593,0.6489086200517962,0.324938464894881,2025-10-06 17:24:49.705013
0.29201978963552166,0.6489086200517962,0.29203302004329396,2025-10-06 17:25:02.295210
0.2704173172872325,0.6481687014428434,0.2704299393199552,2025-10-06 17:25:14.795547
0.2716760680441496,0.6466888642249371,0.2716886761797719,2025-10-06 17:25:27.393912
0.27277074215254626,0.6459489456159844,0.27278338538589453,2025-10-06 17:25:39.981226
0.27920949526395006,0.6459489456159844,0.2792223436238494,2025-10-06 17:25:52.582205
0.29547804010991574,0.6415094339622662,0.2954913972843203,2025-10-06 17:26:05.168835
0.3084936069837667,0.6407695153533135,0.30850735150530084,2025-10-06 17:26:19.714248
0.3246179307825187,0.6370699223085481,0.3246321221947972,2025-10-06 17:26:32.517578
0.32755565153179017,0.6385497595264544,0.32756991413543146,2025-10-06 17:26:46.333492
0.3231803285599676,0.6385497595264544,0.323194463432516,2025-10-06 17:26:58.934224
0.31282085641169766,0.6385497595264544,0.3128347008049528,2025-10-06 17:27:11.517510
0.3022411488498146,0.6385497595264544,0.30225470328020776,2025-10-06 17:27:27.488701
0.29388029106511726,0.6385497595264544,0.29389361385363616,2025-10-06 17:27:40.095775
0.2973901256955892,0.6385497595264544,0.2974035435557366,2025-10-06 17:27:52.687017
0.29543506488263827,0.6385497595264544,0.2954484240942844,2025-10-06 17:28:05.396709
0.2959507648966223,0.6385497595264544,0.29596414032334317,2025-10-06 17:28:18.011731
0.2933946996769856,0.6385497595264544,0.2934079965566477,2025-10-06 17:28:30.820094
0.29189723386197014,0.6385497595264544,0.2919104846187962,2025-10-06 17:28:43.333675
0.2919746162064314,0.6385497595264544,0.2919878715299775,2025-10-06 17:28:55.850735
0.2900515195946306,0.6385497595264544,0.29006471373886145,2025-10-06 17:29:10.354386
0.2851082035663748,0.6385497595264544,0.28512124127955407,2025-10-06 17:56:30.565349
0.27946749779910457,0.6385497595264544,0.27948035477085575,2025-10-06 17:56:30.576319
0.27344932558688817,0.6385497595264544,0.27346199393102777,2025-10-06 17:56:30.596551
0.27403131085348315,0.6385497595264544,0.27404399916171723,2025-10-06 17:56:30.596551
0.28347097994754533,0.6385497595264544,0.2834839676606669,2025-10-06 17:56:30.606598
0.2865077978345233,0.6385497595264544,0.28652088184398294,2025-10-06 17:56:30.613200
0.2846722589887265,0.6385497595264544,0.2846852837625025,2025-10-06 17:56:30.613200
0.2795672584991141,0.6385497595264544,0.2795801223120897,2025-10-06 17:56:30.617387
0.27108368872278416,0.6385497595264544,0.2710962786755945,2025-10-06 17:56:30.617387
0.2644976881124704,0.6385497595264544,0.26451006150589235,2025-10-06 17:56:30.617387
0.26213084380235663,0.6385497595264544,0.2621431343599796,2025-10-06 17:56:30.635769
0.26066068878800774,0.6385497595264544,0.26067293356061816,2025-10-06 17:56:30.638339
0.25626227617187075,0.6385497595264544,0.2562743681699201,2025-10-06 17:56:30.638339
0.25051665495514286,0.6385497595264544,0.2505285406651999,2025-10-06 17:56:30.638339
0.24579910341473626,0.6385497595264544,0.245810822923221,2025-10-06 17:56:30.641458
0.24458014845601747,0.6385497595264544,0.244591825907764,2025-10-06 17:56:30.641458
0.24706844664207736,0.6385497595264544,0.24708021340476655,2025-10-06 17:56:30.643614
0.25367031629248893,0.6385497595264544,0.2536823177527143,2025-10-06 17:56:30.643614
0.25599364804155333,0.6385497595264544,0.25600573225626255,2025-10-06 17:56:30.643614
0.2544447602088437,0.6385497595264544,0.25445678925389703,2025-10-06 17:56:30.643614
0.2544447602088437,0.6385497595264544,0.25445678925389703,2025-10-06 17:56:30.643614
0.2544447602088437,0.6385497595264544,0.25445678925389703,2025-10-06 17:56:30.643614
0.2544447602088437,0.6385497595264544,0.25445678925389703,2025-10-06 17:56:30.643614
0.2544447602088437,0.6385497595264544,0.25445678925389703,2025-10-06 17:56:30.643614
0.2552850187620717,0.6385497595264544,0.2552970773978235,2025-10-06 17:56:30.643614
0.2508734567992883,0.6385497595264544,0.25088536427796104,2025-10-06 17:56:30.643614
0.25831851318592974,0.6385497595264544,0.2583306758031416,2025-10-06 17:56:30.643614
0.25656582435568326,0.6385497595264544,0.2565779127093957,2025-10-06 17:56:30.648050
0.24953836924697037,0.6385497595264544,0.24955019832417347,2025-10-06 17:56:30.649867
0.24077428772932477,0.6385497595264544,0.24078580192939156,2025-10-06 17:56:30.651236
0.23405868594181986,0.6385497595264544,0.23406996718924375,2025-10-06 17:56:30.651811
0.2260826747172328,0.6400295967443608,0.22609368831087723,2025-10-06 17:56:30.652450
0.2366155221931073,0.6378098409175008,0.23662691423563156,2025-10-06 17:56:30.653323
0.2428559660280507,0.6318904920458772,0.2428675837162504,2025-10-06 17:56:30.653323
0.2467537793126077,0.6289308176100654,0.24676553892926834,2025-10-06 17:56:30.654820
0.24365175735266842,0.6304106548279709,0.24366340120647356,2025-10-06 17:56:30.654820
0.23686102618919816,0.6311505734369236,0.23687242115971865,2025-10-06 17:56:30.655585
0.231460904260687,0.6326304106548299,0.23147210341260713,2025-10-06 17:56:30.656215
0.2306568673188627,0.6296707362190181,0.23066804000937224,2025-10-06 17:56:30.656910
0.23871558735484508,0.6237513873473928,0.23872705133224906,2025-10-06 17:56:30.658387
0.24876064910705747,0.6215316315205337,0.24877247793948976,2025-10-06 17:56:30.658774
0.25699235805960385,0.62301146873844,0.2570044745189403,2025-10-06 17:56:30.659413
0.26000958445560285,0.62301146873844,0.2600218051885157,2025-10-06 17:56:30.659413
0.26760742139394755,0.62301146873844,0.2676198991545068,2025-10-06 17:56:30.660740
0.26764756360280256,0.62301146873844,0.2676600390040963,2025-10-06 17:56:30.661329
0.265626927956296,0.62301146873844,0.2656393335448585,2025-10-06 17:56:30.662887
0.2603675264893428,0.62301146873844,0.26037975340448916,2025-10-06 17:56:30.663316
0.2573266388482617,0.62301146873844,0.2573387644841144,2025-10-06 17:56:30.663316
0.25316951267372123,0.62301146873844,0.25318150258503075,2025-10-06 17:56:30.663976
0.2510752455049852,0.62301146873844,0.25108715503103196,2025-10-06 17:56:30.664559
0.24461836264401307,0.62301146873844,0.24463004063710314,2025-10-06 17:56:30.665661
0.23542750136795498,0.62301146873844,0.23543884533550766,2025-10-06 17:56:30.667384
0.22905229948972777,0.62301146873844,0.22906341235306105,2025-10-06 17:56:30.667384
0.22770322890761419,0.62301146873844,0.22771429139036956,2025-10-06 17:56:30.668593
0.22848071126311614,0.62301146873844,0.22849180246610518,2025-10-06 17:56:30.670203
0.23124995341308335,0.62301146873844,0.23126114683349966,2025-10-06 17:56:30.671143
0.23737338822934428,0.62301146873844,0.23738480691854383,2025-10-06 17:56:30.671143
0.23898839197606367,0.62301146873844,0.23899986892381841,2025-10-06 17:56:30.673463
0.23740656489687598,0.62301146873844,0.23741798555562094,2025-10-06 17:56:30.673463
0.23842249442772415,0.62301146873844,0.23843395061813707,2025-10-06 17:56:30.674316
0.24305288136512532,0.62301146873844,0.24306450317982697,2025-10-06 17:56:30.674316
0.2445766131759582,0.62301146873844,0.24458828771326235,2025-10-06 17:56:30.676271
0.2420562607610658,0.62301146873844,0.24206783839524393,2025-10-06 17:56:30.676271
0.23262440671256995,0.62301146873844,0.2326356345125199,2025-10-06 17:56:30.677668
0.21873503591186377,0.62301146873844,0.2187457538769751,2025-10-06 17:56:30.680337
0.22104177885418075,0.62301146873844,0.22105259760492224,2025-10-06 17:56:30.680337
0.2215121167632259,0.62301146873844,0.22152293593818378,2025-10-06 17:56:30.681889
0.21412214172210164,0.6244913059563455,0.2141326604017071,2025-10-06 17:56:30.682268
0.2001075984547101,0.6222715501294873,0.20011755025494044,2025-10-06 17:56:30.683250
0.18407802044384003,0.6178320384757692,0.18408732662079608,2025-10-06 17:56:30.683250
0.17090292162713194,0.6111727709951911,0.17091169729827238,2025-10-06 17:56:30.684434
0.17529018049019918,0.6089530151683329,0.17529912717196283,2025-10-06 17:56:30.684434
0.1757030078251755,0.6111727709951911,0.17571197224130503,2025-10-06 17:56:30.684434
0.17724419557878224,0.6178320384757692,0.17725322608971533,2025-10-06 17:56:30.689399
0.17982843778934116,0.6222715501294873,0.17983757912861725,2025-10-06 17:56:30.695797
0.179289005277131,0.6259711431742518,0.17929812342791185,2025-10-06 17:56:30.695797
0.17408174158662548,0.620791712911581,0.17409063560622373,2025-10-06 17:56:30.699153
0.17361356445994158,0.6200517943026282,0.1736224373698934,2025-10-06 17:56:34.400329
0.17480000234540216,0.6170921198668156,0.17480892702691536,2025-10-06 18:05:23.747772
0.1711367065796377,0.613392526822051,0.1711454734418216,2025-10-06 18:05:23.757757
0.17277731567460747,0.6104328523862383,0.17278615404158204,2025-10-06 18:05:23.774598
0.17639343379567646,0.6096929337772856,0.17640242671074033,2025-10-06 18:05:23.802314
0.1833913192075577,0.6059933407325211,0.18340060063528435,2025-10-06 18:05:23.821870
0.21162630838450097,0.6074731779504265,0.21163686154995773,2025-10-06 18:05:23.824685
0.19957387788336087,0.6074731779504265,0.19958378374834565,2025-10-06 18:05:23.833994
0.15421419590968766,0.6074731779504265,0.1542219133092514,2025-10-06 18:05:23.833994
0.09818050481131711,0.6074731779504265,0.0981855474570686,2025-10-06 18:05:23.846525
0.04871113459772805,0.6074731779504265,0.04871382820796351,2025-10-06 18:05:23.846525
0.02452365715349114,0.6074731779504265,0.02452519817170508,2025-10-06 18:05:23.846525
0.040648642116315734,0.6074731779504265,0.040650951529210694,2025-10-06 18:05:23.846525
0.040648642116315734,0.6074731779504265,0.040650951529210694,2025-10-06 18:05:23.846525
0.040648642116315734,0.6074731779504265,0.040650951529210694,2025-10-06 18:05:23.846525
0.040648642116315734,0.6074731779504265,0.040650951529210694,2025-10-06 18:05:23.846525
0.040648642116315734,0.6074731779504265,0.040650951529210694,2025-10-06 18:05:23.846525
0.040648642116315734,0.6074731779504265,0.040650951529210694,2025-10-06 18:05:23.846525
0.040648642116315734,0.6074731779504265,0.040650951529210694,2025-10-06 18:05:23.846525
0.040648642116315734,0.6074731779504265,0.040650951529210694,2025-10-06 18:05:23.846525
0.040648642116315734,0.6074731779504265,0.040650951529210694,2025-10-06 18:05:23.846525
0.040648642116315734,0.6074731779504265,0.040650951529210694,2025-10-06 18:05:23.846525
0.03786424588119161,0.6074731779504265,0.03786640495196174,2025-10-06 18:05:23.846525
0.041483153949584406,0.6074731779504265,0.04148550925001894,2025-10-06 18:05:23.846525
0.05023121092129925,0.6074731779504265,0.05023403818251536,2025-10-06 18:05:23.846525
0.061009611147256324,0.6074731779504265,0.06101302018231285,2025-10-06 18:05:35.959774
0.07427897658642271,0.6074731779504265,0.07428309236953712,2025-10-06 18:05:48.734761
0.08541386024446354,0.6074731779504265,0.08541856193346564,2025-10-06 18:06:01.661098
0.09015578177948716,0.6074731779504265,0.09016072135499541,2025-10-06 18:06:14.249675
0.09905584055973163,0.6074731779504265,0.0990612291299935,2025-10-06 18:06:27.037401
0.1056380323444294,0.6074731779504265,0.10564375174509275,2025-10-06 18:06:39.627476
0.11091886359543425,0.6074731779504265,0.11092484244305403,2025-10-06 18:06:52.224185
0.12682778356373534,0.6281908990011118,0.12683456039641944,2025-10-06 18:07:04.817211
0.119698264739662,0.5971143174250848,0.11970465617016521,2025-10-06 18:07:17.329060
0.09737214142719225,0.5349611542730317,0.09737737089715433,2025-10-06 18:07:29.908340
0.07191351054068687,0.4624491305956351,0.07191742455244729,2025-10-06 21:27:53.134374
0.04778194570143479,0.400295967443582,0.04778462732272138,2025-10-06 21:28:09.234205
0.04049998439865039,0.369219385867555,0.04050231834307068,2025-10-06 21:28:29.102109
0.047641622614382304,0.38993710691824024,0.04764431405258335,2025-10-06 21:29:08.060079
0.04036882895865146,0.38993710691824024,0.04037111367766326,2025-10-06 21:29:27.952821
0.03114291698523275,0.38993710691824024,0.03114468901268387,2025-10-06 21:29:42.299081
0.024631851599503124,0.38993710691824024,0.024633263646622036,2025-10-06 21:29:59.662690
0.021448694762415066,0.38993710691824024,0.021449932213545894,2025-10-06 21:30:14.172205
0.02555077390609284,0.38993710691824024,0.02555224048688816,2025-10-06 21:30:28.588848
0.02575266315108639,0.38993710691824024,0.025754141279523857,2025-10-06 21:31:08.812331
0.0263303749660989,0.38993710691824024,0.02633188535074013,2025-10-06 21:31:58.125991
0.028199235930925895,0.38993710691824024,0.028200851400932717,2025-10-06 21:32:11.204247
0.029401866285565348,0.38993710691824024,0.029403549470813597,2025-10-06 21:32:25.536656
0.028868332602503433,0.38993710691824024,0.028869985870898923,2025-10-06 21:32:40.904048
0.028727291900693785,0.38993710691824024,0.02872893711504862,2025-10-06 21:33:03.074767
0.028613967014663635,0.38993710691824024,0.028615605918079476,2025-10-06 21:33:15.874469
0.030416362023391236,0.38993710691824024,0.030418101969144767,2025-10-06 21:34:01.730814
0.03300385132605124,0.38993710691824024,0.03300573633158818,2025-10-06 21:34:14.421172
0.03478392066932601,0.38993710691824024,0.03478590490846935,2025-10-06 21:34:29.240018
0.03459875583029651,0.38993710691824024,0.03460072982458895,2025-10-06 21:34:43.969987
0.036243245243129774,0.38993710691824024,0.03624531053906713,2025-10-06 21:35:01.071820
0.03772180092750339,0.38993710691824024,0.037723948038334607,2025-10-06 21:35:33.927891
0.038545398684305204,0.38993710691824024,0.03854759144423703,2025-10-06 21:35:47.267250
0.03882457200884694,0.3914169441361457,0.03882678033461677,2025-10-06 21:36:02.360486
0.03898772640016128,0.38771735109138117,0.03898994401816544,2025-10-06 21:36:15.507177
0.03825810243993376,0.3854975952645221,0.03826027963439796,2025-10-06 21:36:29.664400
0.039609484353679,0.3847576766555685,0.03961173620308481,2025-10-06 21:36:44.905083
0.04130910603979292,0.3854975952645221,0.04131145186525821,2025-10-06 21:37:00.441255
0.04359732612849011,0.38771735109138117,0.04359979833706601,2025-10-06 21:37:13.723638
0.041372603312361325,0.3914169441361457,0.04137495247433397,2025-10-06 21:37:28.580475
0.04169275625337231,0.38993710691824024,0.04169512196872742,2025-10-06 21:37:42.683010
0.041993794947194074,0.38993710691824024,0.04199617678138903,2025-10-06 21:37:55.533914
0.0440387308243486,0.38993710691824024,0.0440412253568042,2025-10-06 21:38:08.794752
0.04436773773355558,0.3914169441361457,0.04437025082532901,2025-10-06 21:38:21.375575
0.04316022008170825,0.38771735109138117,0.0431626668958066,2025-10-06 21:38:36.199809
0.038025742314213934,0.38697743248242844,0.03802790608150371,2025-10-06 21:38:49.021161
0.03590331260525911,0.3825379208287094,0.03590535908413517,2025-10-06 21:39:02.084481
0.03616594639744117,0.3825379208287094,0.036168007641493874,2025-10-06 21:39:14.897501
0.040656614818310094,0.3817980022197567,0.04065892381626414,2025-10-06 21:39:30.842426
0.04533500836068808,0.3817980022197567,0.045337574950085495,2025-10-06 21:39:46.083203
0.04897697690328677,0.37735849056603854,0.048979743591657,2025-10-06 21:40:09.195063
0.04877795449089522,0.3766185719570849,0.04878071006094037,2025-10-06 21:40:24.042798
0.0445251098896276,0.3729189789123204,0.04452763126764839,2025-10-06 21:40:54.737312
0.04054874302530262,0.37439881613022585,0.04055104581265877,2025-10-06 21:41:11.014856
0.03623782003072419,0.37439881613022585,0.03623988530120108,2025-10-06 21:41:30.289482
0.036049893129742314,0.37439881613022585,0.03605194800591795,2025-10-06 21:41:48.971488
0.03820821672621978,0.37439881613022585,0.038210390785146,2025-10-06 21:42:06.097983
0.0396287500873784,0.37439881613022585,0.03963100278885437,2025-10-06 21:42:19.778145
0.03937464270401356,0.37439881613022585,0.039376881745257844,2025-10-06 21:42:33.657377
0.040828229317478995,0.37439881613022585,0.0408305485314201,2025-10-06 21:42:46.568033
0.04458979172161651,0.37439881613022585,0.044592319665054864,2025-10-06 21:43:06.651941
0.04358283366984461,0.37439881613022585,0.0435853032636279,2025-10-06 21:43:22.029798
0.03688701861726387,0.37439881613022585,0.03688911176723307,2025-10-06 21:43:40.693258
0.027814266924094708,0.37439881613022585,0.02781585160004084,2025-10-06 21:43:56.113375
0.019909459500123877,0.37439881613022585,0.01991060478766911,2025-10-06 21:44:09.190258
0.017057279973823516,0.37439881613022585,0.017058267205861954,2025-10-06 21:44:27.721625
0.0217764658044296,0.37439881613022585,0.02177771846392018,2025-10-06 21:44:41.093662
0.022946241872840265,0.37439881613022585,0.02294756123756317,2025-10-06 21:44:54.258434
0.02278589396290759,0.37439881613022585,0.02278720430683044,2025-10-06 21:45:06.880141
0.02440622917668947,0.37439881613022585,0.02440763138171749,2025-10-06 21:45:20.120434
0.02425384369924259,0.37439881613022585,0.024255236468918945,2025-10-06 21:45:40.343279
0.022677762175633387,0.37439881613022585,0.022679065618648034,2025-10-06 21:45:52.892044
0.01824450635427459,0.37439881613022585,0.01824555629500131,2025-10-06 21:46:05.712305
0.013070393987874518,0.37439881613022585,0.013071148900696744,2025-10-06 21:46:20.385392
0.009680050763307885,0.37439881613022585,0.009680612538620015,2025-10-06 21:46:34.239798
0.009754366633481351,0.37439881613022585,0.00975493173973735,2025-10-06 21:46:46.943499
0.008761448939139826,0.37439881613022585,0.00876195709246555,2025-10-06 21:47:17.568405
0.008136346558089771,0.37439881613022585,0.008136818768237492,2025-10-06 21:47:33.363247
0.008432111867230058,0.37439881613022585,0.008432600596520304,2025-10-06 21:47:48.203954
0.00975983868409433,0.37439881613022585,0.009760403952794414,2025-10-06 21:48:05.501078
0.013739817903294468,0.37439881613022585,0.013740611483690476,2025-10-06 21:48:18.616117
0.016903922501866425,0.37439881613022585,0.01690489768141587,2025-10-06 21:48:36.415099
0.0190503565101265,0.37439881613022585,0.01905145527434926,2025-10-06 21:48:54.242508
0.01544358202746765,0.37439881613022585,0.015444473432443415,2025-10-06 21:49:45.002557
0.013712176935038761,0.37439881613022585,0.013712968974087511,2025-10-06 21:49:57.814818
0.010659002783842728,0.37439881613022585,0.010659620355499916,2025-10-06 21:50:16.295551
0.011898013244294,0.3758786533481322,0.011898701723215471,2025-10-06 21:50:31.110223
0.01615414695823386,0.37217906030336767,0.016155078493019448,2025-10-06 21:50:44.363291
0.020239138279114763,0.3699593044765086,0.020240303921580854,2025-10-06 21:51:34.148876
0.021989391191583538,0.36921938586755587,0.021990655960777608,2025-10-06 21:51:46.743502
0.022791469173320617,0.3699593044765086,0.022792779949522224,2025-10-06 21:52:01.623544
0.023200539669299206,0.37217906030336767,0.02320187321860373,2025-10-06 21:53:03.359606
0.022877002321790782,0.37735849056603854,0.022878317467393133,2025-10-06 21:53:15.923072
0.023333244348760704,0.37217906030336767,0.023334585371632563,2025-10-06 21:53:29.054825
0.0227802365965398,0.3699593044765086,0.022781546287332394,2025-10-06 21:53:41.685415
0.023435567534583576,0.36921938586755587,0.02343691439884886,2025-10-06 21:53:56.549161
0.0249344763716952,0.3699593044765086,0.024935908829933795,2025-10-06 21:54:12.031714
0.02480703328112481,0.37217906030336767,0.02480845786578087,2025-10-06 21:54:25.780429
0.019262028670075315,0.3758786533481322,0.01926313623437205,2025-10-06 21:54:40.729140
0.01569744743409207,0.3758786533481322,0.015698351882808728,2025-10-06 21:54:55.892866
0.012647302695036278,0.3736588975212731,0.012648033533882788,2025-10-06 21:55:15.043061
0.012628248809962134,0.36773954864964864,0.012628979347409142,2025-10-06 21:55:27.620004
0.01413827011386301,0.3662597114317432,0.014139087007592685,2025-10-06 21:55:40.211650
0.014525609585363933,0.3640399556048841,0.014526449028203395,2025-10-06 21:55:58.663739
0.01269193580731559,0.36256011838697866,0.012692670185231208,2025-10-06 21:56:13.805878
0.013068051211322984,0.3633000369959314,0.013068807080953412,2025-10-06 21:56:26.416770
0.013087446783038442,0.3610802811690732,0.01308820385510985,2025-10-06 21:56:39.201771
0.013759652460539173,0.35590085090640144,0.013760448396683306,2025-10-06 21:56:53.868208
0.014680492263379488,0.3610802811690732,0.014681340586107441,2025-10-06 21:57:06.480456
0.016978693857466975,0.3633000369959314,0.016979673569832904,2025-10-06 21:57:19.053736
0.01805179728805141,0.3640399556048841,0.01805283849631384,2025-10-06 21:57:31.670391
0.018981007712203873,0.3633000369959314,0.018982101977242996,2025-10-06 21:57:44.333387
0.020930422317561703,0.3610802811690732,0.02093162719354126,2025-10-06 21:57:56.999515
0.023200395058425582,0.3573806881243069,0.02320172822228407,2025-10-06 21:58:09.644922
0.024757193390079577,0.35886052534221236,0.024758614970886827,2025-10-06 21:58:22.314242
0.025893616976743722,0.35886052534221236,0.025895102925135763,2025-10-06 21:58:35.007218
0.02626399255132257,0.35886052534221236,0.026265499119186436,2025-10-06 21:58:48.161605
0.025805085271389527,0.35886052534221236,0.025806566072474904,2025-10-06 21:59:00.871409
0.027403038333290386,0.35886052534221236,0.02740460904302859,2025-10-06 21:59:13.536907
0.02928029566646749,0.35886052534221236,0.029281972202993098,2025-10-06 21:59:26.268112
0.029553910847488457,0.35886052534221236,0.029555602561898042,2025-10-06 21:59:38.934963
0.030825546704438864,0.35886052534221236,0.03082730972666395,2025-10-06 21:59:51.524313
0.03170754983351605,0.35886052534221236,0.03170936271682201,2025-10-06 22:00:04.647789
0.03330777978164,0.35886052534221236,0.03330968140931603,2025-10-06 22:00:19.294256
0.03631221791960526,0.35886052534221236,0.036314286714800234,2025-10-06 22:00:34.548877
0.03867806926678839,0.35886052534221236,0.038680269408378154,2025-10-06 22:00:47.122563
0.03967031290538303,0.35886052534221236,0.03967256819626247,2025-10-06 22:01:00.998182
0.038271910824821856,0.35886052534221236,0.038274088756912655,2025-10-06 22:01:13.687429
0.037246477369858866,0.35886052534221236,0.037248598246241174,2025-10-06 22:01:29.379866
0.038517707333562384,0.35886052534221236,0.03851989841385994,2025-10-06 22:01:42.154517
0.03857301363285327,0.35886052534221236,0.03857520786260671,2025-10-06 22:01:54.815179
0.040662301379153026,0.35886052534221236,0.04066461112085404,2025-10-06 22:02:07.452784
0.04059886447782557,0.35886052534221236,0.04060117105114783,2025-10-06 22:02:20.210867
0.04070373179668267,0.35886052534221236,0.040706043764300315,2025-10-06 22:02:32.842974
0.043500197635693086,0.35886052534221236,0.04350266339080587,2025-10-06 22:02:45.509954
0.045545153145470134,0.35886052534221236,0.045547731653361706,2025-10-06 22:02:58.123792
0.04494551878940035,0.35886052534221236,0.04494806432989991,2025-10-06 22:03:10.670484
0.04547620593656577,0.35886052534221236,0.04547878101985623,2025-10-06 22:03:25.261643
0.04550369641875331,0.35886052534221236,0.04550627262706416,2025-10-06 22:03:37.833759
0.04675261862103906,0.35886052534221236,0.04675526326373339,2025-10-06 22:03:50.448645
0.04930012708249794,0.35886052534221236,0.04930291112017356,2025-10-06 22:04:03.025909
0.05261244403942549,0.35886052534221236,0.052615407819965494,2025-10-06 22:04:15.611937
0.05446047997580859,0.35886052534221236,0.05446354371029862,2025-10-06 22:04:28.273429
0.05680885847136395,0.35886052534221236,0.056812050177352726,2025-10-06 22:04:41.427255
0.054918827909043774,0.3603403625601196,0.05492191586931245,2025-10-06 22:04:58.611782
0.049639001351604504,0.3581206067332596,0.04964180127019637,2025-10-06 22:05:11.917263
0.04390061044554151,0.35220125786163603,0.0439030974970428,2025-10-06 22:05:24.805397
0.04189476996191302,0.3507214206437297,0.04189714757054165,2025-10-06 22:05:37.640774
0.04129543539189513,0.3485016648168715,0.0412977808620873,2025-10-06 22:05:52.302904
0.04486271857597994,0.34702182759896516,0.044865259830248014,2025-10-06 22:06:05.376360
0.04510312932626409,0.3477617462079179,0.045105683810468304,2025-10-06 22:06:23.849867
0.046620104526798614,0.3455419903810588,0.046622742219028034,2025-10-06 22:06:37.032626
0.04622498884062139,0.3418423973362934,0.04622760490277654,2025-10-06 22:06:49.922645
0.04364378346119885,0.3418423973362934,0.04364625682645597,2025-10-06 22:07:02.776147
0.041126331611602576,0.3455419903810588,0.04112866631848226,2025-10-06 22:07:16.551406
0.04036644877084124,0.34628190899001154,0.04036874176064015,2025-10-06 22:07:29.428410
0.040607499207294534,0.3507214206437297,0.04060980717489923,2025-10-06 22:07:46.394111
0.03960917901998445,0.35220125786163603,0.03961143003900179,2025-10-06 22:07:59.195085
0.03580003916833134,0.3507214206437297,0.03580207722502175,2025-10-06 22:08:11.902082
0.03098565107022859,0.34628190899001154,0.03098742244374396,2025-10-06 22:08:24.569348
0.024773607351157495,0.3455419903810588,0.024775029406039664,2025-10-06 22:08:37.251674
0.020963623158806483,0.3418423973362934,0.02096482998200598,2025-10-06 22:08:49.878976
0.019801809854010144,0.34332223455419975,0.0198029495470822,2025-10-06 22:09:02.548027
0.01692331232571752,0.34332223455419975,0.016924288690395722,2025-10-06 22:09:17.696367
0.015333407878281538,0.34332223455419975,0.015334294143843949,2025-10-06 22:09:32.396516
0.017078355119509864,0.34332223455419975,0.017079340788594743,2025-10-06 22:09:45.557750
0.017036886442670596,0.34332223455419975,0.017037869779981382,2025-10-06 22:09:58.143605
0.01708662408139841,0.34332223455419975,0.01708761015160569,2025-10-06 22:10:10.736108
0.01640902980674809,0.34332223455419975,0.01640997707178342,2025-10-06 22:10:23.333742
0.014774531312735886,0.34332223455419975,0.014775385035654648,2025-10-06 22:10:36.133613
0.012730796233759625,0.34332223455419975,0.012731533199131312,2025-10-06 22:10:48.750112
0.013825891732827042,0.34332223455419975,0.013826691108017278,2025-10-06 22:11:04.145445
0.015504715576856135,0.34332223455419975,0.015505611225919258,2025-10-06 22:11:17.531865
0.01863231273768791,0.34332223455419975,0.01863338646705491,2025-10-06 22:11:30.236508
0.021685242491197854,0.34332223455419975,0.021686490041276166,2025-10-06 22:12:15.183652
0.022868886401826077,0.34332223455419975,0.02287020155540688,2025-10-06 22:12:27.774217
0.02422077844564595,0.34332223455419975,0.024222169640778488,2025-10-06 22:12:46.983649
0.02684736865318703,0.34332223455419975,0.026848908149178244,2025-10-06 22:12:59.586254
0.028439841132329446,0.34332223455419975,0.02844147035714012,2025-10-06 22:13:41.584178
0.02866097521239787,0.34332223455419975,0.028662616785831735,2025-10-06 22:13:55.454872
0.02572729666333315,0.34332223455419975,0.025728772095512623,2025-10-06 22:14:14.952409
0.020852736770744826,0.34332223455419975,0.02085393655626458,2025-10-06 22:17:47.258346
0.018673999510684672,0.34332223455419975,0.01867507615021345,2025-10-06 22:17:59.874851
0.01683523800751767,0.34332223455419975,0.01683621043935754,2025-10-06 22:18:14.607237
0.01961959471712299,0.34332223455419975,0.019620724805974335,2025-10-06 22:18:27.215183
0.021967191120144627,0.34332223455419975,0.021968454422325506,2025-10-06 22:18:40.106501
0.02285756173403751,0.34332223455419975,0.022858875555748698,2025-10-06 22:18:53.331087
0.022854943349614326,0.34332223455419975,0.022856257402840433,2025-10-06 22:19:06.181751
0.019716223086844772,0.3448020717721061,0.019717358268113536,2025-10-06 22:19:19.399753
0.016052284764012256,0.3411024787273407,0.0160532116767393,2025-10-06 22:19:31.994858
0.016533325054421746,0.3388827229004825,0.01653427902369299,2025-10-06 22:19:47.010453
0.019716019764406303,0.3381428042915289,0.019717154408402424,2025-10-06 22:19:59.653607
0.021729427967939738,0.3388827229004825,0.021730677883542715,2025-10-06 22:20:16.046825
0.025711264240026205,0.3411024787273407,0.0257127402170354,2025-10-06 22:20:32.210136
0.02637170106397778,0.34628190899001154,0.026373213397732173,2025-10-06 22:20:45.058641
0.028298610926862672,0.34258231594524613,0.02830023159045092,2025-10-06 22:21:52.847579
0.02959803532515773,0.33666296707362253,0.029599729234506836,2025-10-06 22:22:06.609042
0.030665393380278766,0.33370329263781073,0.03066714790508525,2025-10-06 22:22:22.032640
0.030267168149048396,0.33370329263781073,0.03026889995317973,2025-10-06 22:22:36.946549
0.031853873105797625,0.33666296707362253,0.031855693686217074,2025-10-06 22:22:49.767686
0.0334349653932008,0.34258231594524613,0.03343687421291307,2025-10-06 22:23:02.499963
0.03626812274909419,0.34628190899001154,0.036270189434126104,2025-10-06 22:23:16.687960
0.0376777566805649,0.3411024787273407,0.03767990182001106,2025-10-06 22:23:33.907007
0.038683694257177006,0.34036256011838795,0.038685894971523194,2025-10-06 22:23:46.787946
0.03977540704874463,0.33740288568257615,0.03977766835734593,2025-10-06 22:23:59.400296
0.04172354653210905,0.33370329263781073,0.04172591499978287,2025-10-06 22:24:12.705640
0.04291733570515385,0.33074361820199805,0.0429197699342649,2025-10-06 22:24:31.142229
0.044685881984704294,0.3300036995930453,0.04468841355448411,2025-10-06 22:24:43.949681
0.04477160649148913,0.32482426933037445,0.04477414294489519,2025-10-06 22:24:57.140104
0.04652881266426286,0.32852386237513986,0.04653144505710243,2025-10-06 22:25:09.960450
0.047852197120691546,0.332963374028858,0.04785490164276666,2025-10-06 22:25:22.650711
0.05066760918689875,0.3396226415094352,0.05067046746329562,2025-10-06 22:25:37.353406
0.050634448183343325,0.3418423973362934,0.05063730463277804,2025-10-06 22:25:54.847766
0.05117596109164149,0.3396226415094352,0.051178847062942026,2025-10-06 22:26:07.536952
0.0518283818159163,0.33148353681095166,0.05183130442358536,2025-10-06 22:26:20.209347
0.049694997365875106,0.33074361820199805,0.04969780234988366,2025-10-06 22:26:33.104529
0.044596462251195824,0.33074361820199805,0.044598986221379186,2025-10-06 22:26:45.665752
0.03794990053805851,0.332963374028858,0.03795205682048072,2025-10-06 22:27:00.479601
0.03231265131665728,0.3322234554199053,0.03231449731525171,2025-10-06 22:27:13.122859
0.03158357159320585,0.3300036995930453,0.031585378647306886,2025-10-06 22:27:25.838059
0.032658422388549574,0.3263041065482799,0.032660288345432914,2025-10-06 22:27:38.405741
0.028389193023587042,0.32778394376618625,0.02839081707662841,2025-10-06 22:27:55.188546
0.02349540178037801,0.32778394376618625,0.02349674942606031,2025-10-06 22:28:08.406090
0.018770655882987555,0.32778394376618625,0.018771737689604787,2025-10-06 22:28:21.117496
0.017786514128943387,0.32778394376618625,0.01778754072979248,2025-10-06 22:28:34.320628
0.02120408244889932,0.32778394376618625,0.02120530262632736,2025-10-06 22:28:47.012448
0.024735221076000125,0.32778394376618625,0.024736641796741204,2025-10-06 22:28:59.828518
0.02574982563905147,0.32778394376618625,0.02575130341643103,2025-10-06 22:29:12.580784
0.027253879209135856,0.32778394376618625,0.027255441869473804,2025-10-06 22:29:25.240431
0.02659590090056227,0.32778394376618625,0.026597426545954886,2025-10-06 22:29:38.043301
0.026432713404082556,0.32778394376618625,0.02643422967149385,2025-10-06 22:29:50.835109
0.028243406138371258,0.32778394376618625,0.028245023925526733,2025-10-06 22:30:04.046020
0.02979430684798888,0.32778394376618625,0.029796011755440277,2025-10-06 22:30:18.266019
0.029407300533823816,0.32778394376618625,0.029408983774478897,2025-10-06 22:30:31.032942
0.02993537962376408,0.32778394376618625,0.02993709267091743,2025-10-06 22:30:43.656157
0.02908941185533513,0.32778394376618625,0.029091077323380066,2025-10-06 22:30:58.299025
0.029517949155054943,0.32778394376618625,0.029519638789442137,2025-10-06 22:31:18.715939
0.03128454256597843,0.32778394376618625,0.03128633159706834,2025-10-06 22:31:37.299432
0.036904460143603435,0.32778394376618625,0.03690656387553051,2025-10-06 22:31:51.695109
0.035090068049796364,0.32778394376618625,0.03509206759406085,2025-10-06 22:32:06.916789
0.030549854899014905,0.32778394376618625,0.0305515971562043,2025-10-06 22:32:48.581946
0.023690306400328473,0.32778394376618625,0.02369166136843187,2025-10-06 22:33:01.205514
0.01712998901458196,0.32778394376618625,0.01713097524305915,2025-10-06 22:33:15.866771
0.013326429655326391,0.32778394376618625,0.013327203373096425,2025-10-06 22:33:28.495629
0.015938939989880135,0.32778394376618625,0.015939860533510486,2025-10-06 22:33:41.130175
0.014965453105791407,0.32778394376618625,0.014966317992444175,2025-10-06 22:33:53.793935
0.015706581421081237,0.32778394376618625,0.015707488553060506,2025-10-06 22:34:06.499136
0.015925038328326382,0.32778394376618625,0.01592595788670996,2025-10-06 22:34:19.198475
0.01687921659722391,0.32778394376618625,0.016880190838549525,2025-10-06 22:34:31.910915
0.01617391583483567,0.32778394376618625,0.016174849557212476,2025-10-06 22:34:45.174320
0.014630712753873856,0.32778394376618625,0.014631558233186029,2025-10-06 22:34:57.834748
0.01102959815961771,0.32778394376618625,0.011030236933574106,2025-10-06 22:35:12.236797
0.009859520138221667,0.32778394376618625,0.009860091413164226,2025-10-06 22:35:24.896150
0.009212289398837947,0.32778394376618625,0.00921282345594289,2025-10-06 22:35:37.545548
0.010149962701195073,0.32778394376618625,0.01015055072496239,2025-10-06 22:35:50.257174
0.01051788801273168,0.32778394376618625,0.010518497333548496,2025-10-06 22:36:02.940739
0.011917550715878703,0.32778394376618625,0.011918240765728949,2025-10-06 22:36:15.535965
0.01154414881828833,0.32778394376618625,0.011544817398038046,2025-10-06 22:36:28.228582
0.012910441661127675,0.32778394376618625,0.012911188593747402,2025-10-06 22:36:40.911199
0.014528387691342168,0.32778394376618625,0.01452922732546423,2025-10-06 22:36:56.762969
0.015396860785684904,0.32778394376618625,0.015397750275124217,2025-10-06 22:37:09.399965
0.015825554762842267,0.32778394376618625,0.01582646883405496,2025-10-06 22:37:22.195347
0.0170810933830626,0.32778394376618625,0.017082079138110218,2025-10-06 22:37:35.021443
0.017277407131953484,0.32778394376618625,0.017278403999818975,2025-10-06 22:37:47.712735
0.019573074529139284,0.32778394376618625,0.019574203234526313,2025-10-06 22:38:00.421580
0.01846393372243975,0.32778394376618625,0.018464998653200324,2025-10-06 22:38:13.198714
0.012649498654267774,0.32778394376618625,0.012650228169279742,2025-10-06 22:38:25.888603
0.005864093524515529,0.32778394376618625,0.005864431474791917,2025-10-06 22:38:38.806300
0.0012638918241769104,0.32778394376618625,0.001263964133906989,2025-10-06 22:38:54.063492
0.0,0.32778394376618625,0.0,2025-10-06 22:39:08.901609
0.003416552207045037,0.32778394376618625,0.0034167502257022864,2025-10-06 22:39:21.802530
0.007226100089046339,0.32778394376618625,0.007226519314701543,2025-10-06 22:39:34.992357
0.00933680400027101,0.3292637809840926,0.009337345336319774,2025-10-06 22:39:47.628698
0.010285585466184674,0.3255641879393272,0.010286181521968335,2025-10-06 22:40:00.301002
0.010822180958231092,0.3233444321124681,0.010822807876895144,2025-10-06 22:40:18.724138
0.011748820934682075,0.3240843507214217,0.011749501263521478,2025-10-06 22:40:31.558851
0.011065572330706916,0.3226045135035145,0.011066213215554302,2025-10-06 22:40:44.268167
0.010335294813445556,0.31890492045874996,0.010335893529842766,2025-10-06 22:40:56.919991
0.009718460224396416,0.3196448390677027,0.00971902339593285,2025-10-06 22:41:09.516020
0.008509692049705114,0.31816500184979724,0.008510185582619526,2025-10-06 22:41:22.126380
0.008603757077410942,0.3226045135035145,0.00860425607804767,2025-10-06 22:41:34.853169
0.010396168002064693,0.3263041065482799,0.010396770276048808,2025-10-06 22:41:47.679766
0.011568954008081098,0.3226045135035145,0.011569623787897276,2025-10-06 22:42:00.432829
0.012296413750832166,0.3196448390677027,0.012297125404682224,2025-10-06 22:42:13.104288
0.01327837231051962,0.3174250832408445,0.013279140554839891,2025-10-06 22:42:27.253821
0.012277079202581406,0.31594524602293905,0.012277789813802079,2025-10-06 22:42:39.852369
0.012102837866532476,0.3166851646318918,0.012103538491793145,2025-10-06 22:42:52.434249
0.01203648458911491,0.3144654088050327,0.0120371814735519,2025-10-06 22:43:06.289743
0.010315905147946627,0.3107658157602673,0.010316502677879244,2025-10-06 22:43:20.072705
0.009303507433070582,0.31224565297817275,0.009304046587162884,2025-10-06 22:43:32.731479
0.008033805312850181,0.31224565297817275,0.008034271112368332,2025-10-06 22:43:45.372237
0.006872042634650688,0.31224565297817275,0.006872441458977058,2025-10-06 22:43:59.206715
0.007101626971471708,0.31224565297817275,0.0071020390257500315,2025-10-06 22:44:14.444417
0.007035319153776379,0.31224565297817275,0.00703572758577696,2025-10-06 22:44:27.058264
0.007414255241905018,0.31224565297817275,0.007414685468914647,2025-10-06 22:44:39.834482
0.010501157513798876,0.31224565297817275,0.010501765527359735,2025-10-06 22:44:52.499536
0.012127562376798282,0.31224565297817275,0.012128263991216873,2025-10-06 22:45:05.376684
0.012874436919465063,0.31224565297817275,0.01287518166010121,2025-10-06 22:45:18.235831
0.012932561477055987,0.31224565297817275,0.01293330966180882,2025-10-06 22:45:30.852893
0.010921808871430225,0.31224565297817275,0.01092244165782516,2025-10-06 22:45:43.538448
0.011925725193841927,0.31224565297817275,0.011926415397200366,2025-10-06 22:45:56.140365
0.013549301695608043,0.31224565297817275,0.013550085177771898,2025-10-06 22:46:08.720662
0.015999634254586323,0.31224565297817275,0.016000557884712566,2025-10-06 22:46:21.525175
0.017407327836190006,0.31224565297817275,0.017408331972243465,2025-10-06 22:46:34.146525
0.01750142062321533,0.31224565297817275,0.017502430300441504,2025-10-06 22:46:49.463869
0.016616430025375217,0.31224565297817275,0.01661738909891422,2025-10-06 22:47:02.081924
0.016793458205455608,0.31224565297817275,0.016794427479270943,2025-10-06 22:47:14.677216
0.015831103661487392,0.31224565297817275,0.01583201809566681,2025-10-06 22:47:31.912354
0.017141952119845497,0.31224565297817275,0.01714294139535233,2025-10-06 22:47:44.483781
0.016865460073441335,0.31224565297817275,0.016866433713827858,2025-10-06 22:47:59.127772
0.017050711825774653,0.31224565297817275,0.017051695947464376,2025-10-06 22:48:12.376075
0.01907764559219896,0.31224565297817275,0.019078744972569103,2025-10-06 22:48:25.050212
0.02138380168722756,0.31224565297817275,0.021385032025352718,2025-10-06 22:48:37.709648
0.024571942189211562,0.31224565297817275,0.02457335329177332,2025-10-06 22:48:50.313407
0.026114939186826905,0.31224565297817275,0.026116437985459165,2025-10-06 22:49:02.923140
0.02318935164471797,0.31224565297817275,0.023190684226737035,2025-10-06 22:49:15.664943
0.021386523426804235,0.31224565297817275,0.02138775380531363,2025-10-06 22:49:29.549470
0.021560678623648646,0.31224565297817275,0.02156191875911387,2025-10-06 22:49:42.181964
0.02250083011846138,0.31224565297817275,0.02250212362062405,2025-10-06 22:49:56.125744
0.0250806631380857,0.31224565297817275,0.025082102942536252,2025-10-06 22:50:08.756568
0.026012598400936865,0.31224565297817275,0.02601409131201532,2025-10-06 22:50:21.365702
0.02366234383640123,0.31224565297817275,0.023663703661836746,2025-10-06 22:50:34.601527
0.02289646743514412,0.31224565297817275,0.02289778397061938,2025-10-06 22:50:47.253402
0.02359876557828551,0.31224565297817275,0.02360012184758213,2025-10-06 22:50:59.854470
0.022838347944968168,0.31224565297817275,0.02283966104735366,2025-10-06 22:51:12.525585
0.02280791901482586,0.31224565297817275,0.02280923035802901,2025-10-06 22:51:25.160160
0.022061372722690528,0.31224565297817275,0.02206264180524599,2025-10-06 22:51:37.879751
0.021605150697238687,0.31224565297817275,0.02160639395570478,2025-10-06 22:51:53.161387
0.022042033725306553,0.31224565297817275,0.02204330175450299,2025-10-06 22:52:05.800948
0.02293519166366574,0.31224565297817275,0.022936510428804485,2025-10-06 22:52:18.402750
0.023327806152818015,0.31224565297817275,0.023329147107954737,2025-10-06 22:52:31.023513
0.025133251739921633,0.31224565297817275,0.025134694661218412,2025-10-06 22:52:43.716342
0.025434653091225834,0.31224565297817275,0.025436113121826545,2025-10-06 22:52:56.414110
0.02730640054810475,0.31224565297817275,0.0273079661466899,2025-10-06 22:53:09.117901
0.029363133074695444,0.31224565297817275,0.029364814005088183,2025-10-06 22:53:21.856264
0.03140323514449138,0.31224565297817275,0.031405030358623964,2025-10-06 22:53:34.513225
0.03152761752014256,0.31224565297817275,0.031529419664720226,2025-10-06 22:53:47.227786
0.035438430812972474,0.3270440251572335,0.03544045721980102,2025-10-06 22:53:59.897403
0.02398385036099411,0.31816500184979724,0.023985223263318048,2025-10-06 22:54:35.533921
0.020292793424173283,0.25379208287088506,0.02029395073225118,2025-10-06 22:54:48.750158
0.022903324090086122,0.1620421753607113,0.022904622925140047,2025-10-07 03:00:57.079495
0.030632281077792048,0.07103218645948939,0.03063401224264463,2025-10-07 08:34:09.452485
0.03965163753405325,0.008879023307436285,0.03965387905601542,2025-10-07 08:34:22.051586
0.0529789108322477,0.0036995930447654146,0.052981906609930324,2025-10-07 08:34:34.648383
0.05151278250573158,0.017018128005918953,0.05151568617546579,2025-10-07 08:34:47.227455
0.053294749528516205,0.017018128005918953,0.05329775020299977,2025-10-07 08:35:01.899913
0.054510259702362694,0.017018128005918953,0.054513326285734374,2025-10-07 08:35:14.477396
0.054358354918513783,0.01849796522382441,0.05436141335845193,2025-10-07 08:35:27.075463
0.05347726548242248,0.01479837217906077,0.05348027657216547,2025-10-07 08:35:39.668884
0.05168142107136581,0.014058453570107154,0.05168433422753812,2025-10-07 08:35:52.279919
0.05014250793765206,0.009618941916389012,0.05014533713676553,2025-10-07 08:36:05.072125
0.04775003788047793,0.009618941916389012,0.047752737011060024,2025-10-07 08:36:19.703933
0.0464846448588403,0.008879023307436285,0.04648727494555332,2025-10-07 08:36:32.527728
0.04639076354623664,0.007399186089529941,0.046393388663339336,2025-10-07 08:36:45.090964
0.0477750077365389,0.006659267480576325,0.04777770851202915,2025-10-07 08:36:57.683578
0.04796286348589359,0.008139104698482669,0.04796557445923754,2025-10-07 08:37:10.508787
0.04862320788763861,0.00517943026267087,0.048625954943614914,2025-10-07 08:37:23.104110
0.048335875848637355,0.004439511653717254,0.04833860724355937,2025-10-07 08:37:35.708767
0.048357960772429126,0.005919348871623598,0.048360693323322254,2025-10-07 08:37:48.494495
0.047763926541994906,0.004439511653717254,0.047766626632088735,2025-10-07 08:38:01.081985
0.04775838925447433,0.00517943026267087,0.04776108901104838,2025-10-07 08:38:17.083546
0.04926961390824604,0.008139104698482669,0.04927239594842819,2025-10-07 08:38:29.654593
0.05010951632888853,0.008139104698482669,0.05011234417161856,2025-10-07 08:38:42.236659
0.05059026204886004,0.00517943026267087,0.050593116141141835,2025-10-07 08:38:56.905103
0.05024491809737969,0.005919348871623598,0.05024775338599805,2025-10-07 08:39:09.682936
0.04897402279496389,0.0036995930447645264,0.04897678880393325,2025-10-07 08:39:22.285143
0.04850714062324967,0.0,0.04850988127325101,2025-10-07 08:39:34.873735
0.04862869226172097,0.0014798372179054553,0.048631439504327224,2025-10-07 08:39:47.495683
0.047935226915761235,0.0014798372179054553,0.047937936359601155,2025-10-07 08:40:00.067418
0.047454464191871944,0.0014798372179054553,0.047457147338973486,2025-10-07 08:40:12.637579
0.045680644317352324,0.0014798372179054553,0.04568323051834592,2025-10-07 08:40:25.276237
0.04569171651000843,0.0014798372179054553,0.04569430337116818,2025-10-07 08:40:39.908001
0.04458920209836831,0.0014798372179054553,0.04459172844899094,2025-10-07 08:40:53.008878
0.04498148723385256,0.0014798372179054553,0.04498403487506297,2025-10-07 08:41:05.611306
0.0463381231327542,0.0014798372179054553,0.046340744981583665,2025-10-07 08:41:18.213149
0.046467958297463745,0.0014798372179054553,0.04647058717740899,2025-10-07 08:41:32.851813
0.04626627810370352,0.0014798372179054553,0.046268896003829996,2025-10-07 08:41:45.437009
0.045517533834372716,0.0014798372179054553,0.04552011086051623,2025-10-07 08:41:58.046182
0.043058543320208795,0.0014798372179054553,0.04306098607201515,2025-10-07 08:42:10.634407
0.045312913050413135,0.0014798372179054553,0.045315478452129576,2025-10-07 08:42:23.333914
0.04883006948782472,0.0014798372179054553,0.04883282686702188,2025-10-07 08:42:37.148284
0.05091606838185684,0.0014798372179054553,0.050918939672130334,2025-10-07 08:42:49.773080
0.05114276516423208,0.0014798372179054553,0.051145649209538346,2025-10-07 08:43:02.352665
0.05087476852925893,0.0014798372179054553,0.0508776379567409,2025-10-07 08:43:14.936405
0.04923377262777649,0.0014798372179054553,0.04923655291953895,2025-10-07 08:43:27.540784
0.049601161820242635,0.0014798372179054553,0.049603961960733294,2025-10-07 08:43:40.130020
0.049393980512130335,0.0014798372179054553,0.04939676944019676,2025-10-07 08:43:53.034946
0.04991891284848845,0.0014798372179054553,0.04992173038469432,2025-10-07 08:44:05.677213
0.04906251193347817,0.0014798372179054553,0.04906528298171068,2025-10-07 08:44:18.438690
0.0507228677421692,0.0014798372179054553,0.05072572903709709,2025-10-07 08:44:31.025775
0.05207100799526417,0.0014798372179054553,0.05207394246969299,2025-10-07 08:44:43.628745
0.053294830451811194,0.0014798372179054553,0.05329783135323472,2025-10-07 08:44:56.210855
0.05348268687206775,0.0014798372179054553,0.05348569797293328,2025-10-07 08:45:10.873695
0.05368163559138122,0.0014798372179054553,0.053684657608617514,2025-10-07 08:45:23.461866
0.05160415950777377,0.0014798372179054553,0.05160706871739312,2025-10-07 08:45:36.054324
0.049957656992258063,0.0014798372179054553,0.04996047681752639,2025-10-07 08:45:51.619758
0.05027531022020208,0.0014798372179054553,0.05027814716840544,2025-10-07 08:46:04.205325
0.0511952361433261,0.0014798372179054553,0.05119812298832352,2025-10-07 08:46:18.852462
0.05198537511078299,0.0014798372179054553,0.051988304956525414,2025-10-07 08:46:31.466197
0.052825283469985856,0.0014798372179054553,0.052828259136042194,2025-10-07 08:46:44.256490
0.05448815633079937,0.0014798372179054553,0.054491221706516414,2025-10-07 08:46:56.838775
0.05442734717990112,0.0014798372179054553,0.05443040916575948,2025-10-07 08:47:09.438739
0.05633886066507243,0.0014798372179054553,0.0563420258798442,2025-10-07 08:47:22.044029
0.05760966561302333,0.0014798372179054553,0.05761289985508295,2025-10-07 08:47:34.657774
0.055103967418855565,0.0014798372179054553,0.05510706555106006,2025-10-07 08:47:49.471612
0.0526289399081769,0.0014798372179054553,0.052631904365980545,2025-10-07 08:48:02.081085
0.049009504409653175,0.0014798372179054553,0.04901227116638448,2025-10-07 08:48:14.744120
0.045407019174052356,0.0014798372179054553,0.04540959017329012,2025-10-07 08:48:27.389877
0.04385140496971503,0.0014798372179054553,0.043853890762608844,2025-10-07 08:48:39.979962
0.045442863187483,0.0014798372179054553,0.045445435941542406,2025-10-07 08:48:52.569216
0.04483224689657574,0.0014798372179054553,0.044834786271543595,2025-10-07 08:49:05.171690
0.04555351469977297,0.0014798372179054553,0.045556093861868756,2025-10-07 08:49:17.971814
0.046318758845120225,0.0014798372179054553,0.04632137957133602,2025-10-07 08:49:30.548449
0.04696527872034302,0.0014798372179054553,0.046967934746911175,2025-10-07 08:49:43.429102
0.04695701662278912,0.0014798372179054553,0.04695967227020734,2025-10-07 08:49:56.056231
0.04720849027814339,0.0014798372179054553,0.04721115978991368,2025-10-07 08:50:08.853787
0.04488199261217198,0.0014798372179054553,0.04488453473892508,2025-10-07 08:50:21.647722
0.04443172254792403,0.0014798372179054553,0.04443424031636195,2025-10-07 08:50:34.247021
0.04361660100596018,0.0014798372179054553,0.043619074094705126,2025-10-07 08:50:48.805118
0.04532662242517361,0.0014798372179054553,0.04532918829140757,2025-10-07 08:51:01.386508
0.047489973561205136,0.0014798372179054553,0.0474926575366016,2025-10-07 08:51:13.983886
0.047876777422389334,0.0014798372179054553,0.047879482509073215,2025-10-07 08:51:26.786840
0.046882182842146736,0.0014798372179054553,0.04688483376246579,2025-10-07 08:51:39.382900
0.04740188835787317,0.0014798372179054553,0.04740456841357583,2025-10-07 08:51:51.961370
0.04474679972823943,0.0014798372179054553,0.04474933498880526,2025-10-07 08:52:04.561001
0.04512523404876184,0.0014798372179054553,0.045127789743905876,2025-10-07 08:52:17.258646
0.045675083507455506,0.0014798372179054553,0.04567766930984485,2025-10-07 08:52:29.851100
0.046713941912772276,0.0014798372179054553,0.046716584453992224,2025-10-07 08:52:42.488342
0.046957097843246455,0.0014798372179054553,0.046959753715962546,2025-10-07 08:52:55.096962
0.04873923374953578,0.0014798372179054553,0.04874198709656545,2025-10-07 08:53:07.848182
0.048518198136835076,0.0014798372179054553,0.048520939406461176,2025-10-07 08:53:20.478047
0.04794625570735215,0.0014798372179054553,0.04794896569129001,2025-10-07 08:53:33.026707
0.048054014793824165,0.0014798372179054553,0.048056730677233934,2025-10-07 08:53:45.632855
0.04913985231381335,0.0014798372179054553,0.04914262752762192,2025-10-07 08:53:58.269194
0.04838004431959438,0.0014798372179054553,0.048382778022768975,2025-10-07 08:54:10.920646
0.04812310041022088,0.0014798372179054553,0.048125820101176164,2025-10-07 08:54:23.510426
0.047874419086200284,0.0014798372179054553,0.047877125144925946,2025-10-07 08:54:36.122217
0.04805400710659398,0.0014798372179054553,0.04805672296865576,2025-10-07 08:54:48.714677
0.04755116498669854,0.0014798372179054553,0.047553853411248286,2025-10-07 08:55:01.312750
0.048380033336528086,0.0014798372179054553,0.04838276700904718,2025-10-07 08:55:13.896978
0.04858171682512362,0.0014798372179054553,0.048584461486359275,2025-10-07 08:55:26.482488
0.04764787038502555,0.0014798372179054553,0.04765056409991916,2025-10-07 08:55:39.085856
0.04857341109668575,0.0014798372179054553,0.04857615525814869,2025-10-07 08:55:51.678936
0.048869054590606774,0.0014798372179054553,0.04887181492877961,2025-10-07 08:56:04.281194
0.0485761975848852,0.0014798372179054553,0.048578941962718517,2025-10-07 08:56:16.881232
0.04981393161850541,0.0014798372179054553,0.04981674344797666,2025-10-07 08:56:29.489280
0.05078095862148892,0.0014798372179054553,0.05078382327909818,2025-10-07 08:56:42.070568
0.05134449137011398,0.0014798372179054553,0.05134738652441651,2025-10-07 08:56:54.673080
0.05176165196443162,0.0014798372179054553,0.05176456979205591,2025-10-07 08:57:07.304545
0.05147433524428041,0.0014798372179054553,0.05147723745359654,2025-10-07 08:57:19.979080
0.05194671242342509,0.0014798372179054553,0.051949640207364874,2025-10-07 08:57:32.579273
0.05259591791984614,0.0014798372179054553,0.052598880940080105,2025-10-07 08:57:45.166308
0.05226718426048873,0.0014798372179054553,0.05227012947378369,2025-10-07 08:57:57.958563
0.05272303059934403,0.0014798372179054553,0.052726000612250044,2025-10-07 08:58:10.556575
0.0531235839464789,0.0014798372179054553,0.053126575644326345,2025-10-07 08:58:23.152572
0.052209172035973604,0.0014798372179054553,0.05221211410580213,2025-10-07 08:58:35.842391
0.052504747709635154,0.0014798372179054553,0.05250770576745502,2025-10-07 08:58:48.642000
0.053225758771083174,0.0014798372179054553,0.05322875590417612,2025-10-07 08:59:01.278095
0.05495211738090458,0.0014798372179054553,0.05495520752180744,2025-10-07 08:59:13.933886
0.05673933200945903,0.0014798372179054553,0.05674251867936685,2025-10-07 08:59:26.557658
0.057885781339162945,0.0014798372179054553,0.05788903017883867,2025-10-07 08:59:39.365702
0.05683057166414189,0.0014798372179054553,0.056833763491228824,2025-10-07 08:59:52.032592
0.056405200472395785,0.0014798372179054553,0.056408369392383806,2025-10-07 09:00:04.620949
0.05679744854289855,0.0014798372179054553,0.056800638648987094,2025-10-07 09:00:17.219382
0.057532173095285834,0.0014798372179054553,0.05753540274708565,2025-10-07 09:00:31.857663
0.05834702074027483,0.0014798372179054553,0.05835029430980121,2025-10-07 09:00:44.492278
0.057432747789362075,0.0014798372179054553,0.05743597212030853,2025-10-07 09:00:57.156743
0.057330546057728644,0.0014798372179054553,0.0573337648789102,2025-10-07 09:01:09.982037
0.05727806628006285,0.0014798372179054553,0.05728128227804887,2025-10-07 09:02:12.577656
0.057474179469175914,0.0014798372179027908,0.05747740602964888,2025-10-07 09:02:12.593633
0.057876072895850415,0.0014798372179027908,0.05787932110058229,2025-10-07 09:02:19.263649
0.058483746560086404,0.001479837217903679,0.05848702749084909,2025-10-07 09:02:31.954492
