id,batch_id,gravity,temperature,battery,angle,timestamp,brix
1,001,1.01574,30.1875,4.056309,31.13034,2025-10-06T16:08:45.513729,4.012791458750712
2,001,1.014763,30.1875,4.056309,30.65194,2025-10-06T16:08:58.411916,3.7666275363553723
3,001,1.013954,30.125,4.056309,30.26313,2025-10-06T16:09:10.999436,3.5624745753632396
4,001,1.013093,30.0625,4.056309,29.85785,2025-10-06T16:09:23.931160,3.3448819986737135
5,001,1.013142,30.0625,4.056309,29.88073,2025-10-06T16:09:39.360793,3.3572741079572097
6,001,1.012202,30.0,4.056309,29.44606,2025-10-06T16:09:52.184417,3.1193625918255066
7,001,1.011712,30.0,4.056309,29.22307,2025-10-06T16:10:05.014049,2.995189653138368
8,001,1.011308,29.9375,4.056309,29.04085,2025-10-06T16:10:19.631569,2.892730196267962
9,001,1.011357,29.875,4.056309,29.06298,2025-10-06T16:10:34.292574,2.9051610718022403
10,001,1.011855,29.875,4.056309,29.28808,2025-10-06T16:10:46.968348,3.03143888281852
11,001,1.011593,29.8125,4.056309,29.16903,2025-10-06T16:11:01.854007,2.965017292280322
12,001,1.010993,29.8125,4.056309,28.90001,2025-10-06T16:11:16.785212,2.8127919520472915
13,001,1.010958,29.8125,4.051095,28.88453,2025-10-06T16:11:29.947419,2.8039072025529777
14,001,1.010586,29.8125,4.056309,28.71969,2025-10-06T16:11:42.821448,2.709441340963167
15,001,1.00993,29.75,4.051095,28.43188,2025-10-06T16:11:55.471748,2.542706294038112
16,001,1.010132,29.75,4.056309,28.51989,2025-10-06T16:12:08.127238,2.594068912632565
17,001,1.010348,29.75,4.056309,28.61457,2025-10-06T16:12:20.945290,2.64897120473438
18,001,1.010942,29.75,4.056309,28.87721,2025-10-06T16:12:36.935196,2.799845421387431
19,001,1.01078,29.6875,4.056309,28.80537,2025-10-06T16:12:49.573478,2.7587134757168315
20,001,1.0111,29.6875,4.056309,28.94798,2025-10-06T16:13:02.132408,2.8399505233110176
21,001,1.011108,29.6875,4.051095,28.95131,2025-10-06T16:13:14.718613,2.841980866230756
22,001,1.01095,29.6875,4.056309,28.88088,2025-10-06T16:13:29.283647,2.8018763261978847
23,001,1.010298,29.625,4.056309,28.59247,2025-10-06T16:13:42.102617,2.636264189115991
24,001,1.01043,29.625,4.056309,28.65089,2025-10-06T16:13:58.264801,2.6698083005830995
25,001,1.010144,29.625,4.056309,28.52542,2025-10-06T16:14:11.081809,2.597119585175733
26,001,1.010129,29.625,4.056309,28.51871,2025-10-06T16:14:24.592144,2.593306234472948
27,001,1.010618,29.625,4.056309,28.73368,2025-10-06T16:14:39.839637,2.7175698566603614
28,001,1.011314,29.5625,4.056309,29.04359,2025-10-06T16:14:52.559209,2.8942524015949402
29,001,1.010934,29.5625,4.051095,28.87383,2025-10-06T16:15:05.846997,2.797814488120821
30,001,1.008383,29.5625,4.056309,27.76857,2025-10-06T16:15:20.888034,2.148746328072207
31,001,1.008354,29.5625,4.056309,27.75636,2025-10-06T16:15:33.672773,2.141350958414023
32,001,1.009757,29.5,4.051095,28.35667,2025-10-06T16:15:46.727023,2.4987030586181618
33,001,1.007618,29.5,4.056309,27.44836,2025-10-06T16:16:03.369431,1.9535355357438675
34,001,1.010376,29.5,4.051095,28.62679,2025-10-06T16:16:16.036871,2.6560866472315183
35,001,1.01038,29.5,4.056309,28.62869,2025-10-06T16:16:28.586842,2.657103110520552
36,001,1.010352,29.5,4.051095,28.61662,2025-10-06T16:16:41.359763,2.649987717892145
37,001,1.01116,29.5,4.056309,28.97471,2025-10-06T16:16:56.649018,2.8551774019033473
38,001,1.011501,29.5,4.051095,29.12755,2025-10-06T16:17:10.250202,2.9416864526822337
39,001,1.01236,29.4375,4.051095,29.51847,2025-10-06T16:17:23.155674,3.1593793323809223
40,001,1.012929,29.4375,4.051095,29.78127,2025-10-06T16:17:35.786783,3.3033986421829695
41,001,1.013664,29.4375,4.051095,30.12557,2025-10-06T16:17:50.903117,3.4892221286490894
42,001,1.013786,29.4375,4.051095,30.18339,2025-10-06T16:18:03.760843,3.520043199632937
43,001,1.014149,29.4375,4.051095,30.3561,2025-10-06T16:18:16.708458,3.6117096600078185
44,001,1.014414,29.4375,4.051095,30.48347,2025-10-06T16:18:29.537812,3.6785919932705156
45,001,1.014657,29.4375,4.056309,30.60056,2025-10-06T16:18:42.122458,3.7398946219245772
46,001,1.014401,29.375,4.056309,30.47711,2025-10-06T16:18:56.983601,3.675311695383698
47,001,1.013556,29.4375,4.035453,30.07486,2025-10-06T16:19:10.014139,3.4619324167116474
48,001,1.013884,29.375,4.056309,30.23011,2025-10-06T16:19:22.871178,3.5447963495261092
49,001,1.013818,29.375,4.051095,30.19881,2025-10-06T16:19:37.366362,3.528126327008181
50,001,1.012354,29.375,4.051095,29.51553,2025-10-06T16:19:50.304605,3.157859911390119
51,001,1.012221,29.375,4.051095,29.45474,2025-10-06T16:20:02.967303,3.1241753167327033
52,001,1.012108,29.375,4.045881,29.40312,2025-10-06T16:20:15.491416,3.095549914379035
53,001,1.011987,29.375,4.056309,29.34788,2025-10-06T16:20:28.341732,3.0648916583451182
54,001,1.011897,29.375,4.045881,29.30677,2025-10-06T16:20:40.898608,3.0420837860904157
55,001,1.011907,29.375,4.056309,29.31139,2025-10-06T16:20:53.493079,3.0446181715358307
56,001,1.012724,29.375,4.056309,29.6861,2025-10-06T16:21:08.330443,3.2515277114598575
57,001,1.012828,29.375,4.051095,29.73438,2025-10-06T16:21:20.934579,3.2778450445479166
58,001,1.012773,29.3125,4.056309,29.70867,2025-10-06T16:21:33.736501,3.263927820592585
59,001,1.012764,29.375,4.051095,29.70493,2025-10-06T16:21:46.310049,3.26165032920278
60,001,1.012886,29.3125,4.051095,29.76111,2025-10-06T16:21:58.912838,3.2925199395442633
61,001,1.012128,29.3125,4.051095,29.412,2025-10-06T16:22:11.516698,3.100616769542171
62,001,1.011545,29.3125,4.051095,29.14773,2025-10-06T16:22:24.132463,2.952845149141126
63,001,1.012143,29.3125,4.051095,29.41916,2025-10-06T16:22:39.366614,3.1044167945409527
64,001,1.011454,29.3125,4.056309,29.10672,2025-10-06T16:22:54.110897,2.9297659864865864
65,001,1.011475,29.3125,4.045881,29.11622,2025-10-06T16:23:06.703510,2.935092273456121
66,001,1.011529,29.3125,4.051095,29.1405,2025-10-06T16:23:19.302249,2.948787540790704
67,001,1.012291,29.3125,4.056309,29.48674,2025-10-06T16:23:33.854495,3.141905027909729
68,001,1.012292,29.3125,4.051095,29.48734,2025-10-06T16:23:46.427944,3.142158293765192
69,001,1.012793,29.3125,4.051095,29.71801,2025-10-06T16:23:59.032063,3.2689887842110465
70,001,1.013195,29.3125,4.056309,29.90543,2025-10-06T16:24:11.877790,3.370676622692258
71,001,1.012504,29.25,4.056309,29.58456,2025-10-06T16:24:27.495313,3.195840651522076
72,001,1.012652,29.25,4.051095,29.65295,2025-10-06T16:24:42.120503,3.2333052146142336
73,001,1.012295,29.25,4.051095,29.48877,2025-10-06T16:24:54.827249,3.1429180886731274
74,001,1.012209,29.25,4.051095,29.4491,2025-10-06T16:25:07.658356,3.121135719617655
75,001,1.012349,29.25,4.051095,29.5132,2025-10-06T16:25:20.503287,3.1565937150464833
76,001,1.010404,29.25,4.051095,28.63905,2025-10-06T16:25:33.277591,2.663201740656973
77,001,1.010916,29.25,4.051095,28.86585,2025-10-06T16:25:47.875719,2.7932447842258625
78,001,1.011119,29.25,4.051095,28.95652,2025-10-06T16:26:00.470702,2.8447725413013814
79,001,1.011334,29.25,4.051095,29.05247,2025-10-06T16:26:13.067632,2.8993263038560144
80,001,1.010991,29.25,4.035453,28.89902,2025-10-06T16:26:25.685959,2.8122842667473833
81,001,1.011276,29.25,4.045881,29.02674,2025-10-06T16:26:38.513762,2.884611497763899
82,001,1.0116,29.25,4.045881,29.17252,2025-10-06T16:26:51.066141,2.9667923110322363
83,001,1.011541,29.25,4.056309,29.14565,2025-10-06T16:27:05.907409,2.95183075770899
84,001,1.010356,29.25,4.045881,28.61809,2025-10-06T16:27:18.496453,2.6510042239258382
85,001,1.010831,29.25,4.045881,28.82784,2025-10-06T16:27:31.334664,2.771663680368192
86,001,1.010554,29.1875,4.051095,28.70527,2025-10-06T16:27:44.917622,2.7013123695709282
87,001,1.010537,29.1875,4.051095,28.69788,2025-10-06T16:27:58.221331,2.6969936681580293
88,001,1.010289,29.1875,4.051095,28.58866,2025-10-06T16:28:11.391009,2.633976808073612
89,001,1.010531,29.1875,4.051095,28.69546,2025-10-06T16:28:24.160023,2.695469389891173
90,001,1.010525,29.1875,4.051095,28.69238,2025-10-06T16:28:36.753675,2.6939450956015207
91,001,1.010682,29.1875,4.051095,28.76204,2025-10-06T16:28:49.777234,2.733825521114113
92,001,1.01101,29.1875,4.051095,28.90783,2025-10-06T16:29:02.346189,2.8171072052994077
93,001,1.011063,29.1875,4.051095,28.93142,2025-10-06T16:29:15.172280,2.830559817292169
94,001,1.011296,29.1875,4.056309,29.03545,2025-10-06T16:29:28.023081,2.8896857376377056
95,001,1.011867,29.1875,4.056309,29.29335,2025-10-06T16:29:43.599896,3.03448036360237
96,001,1.012503,29.1875,4.051095,29.58418,2025-10-06T16:29:56.400647,3.1955874795891077
97,001,1.012917,29.1875,4.045881,29.77562,2025-10-06T16:30:09.055672,3.300362807466854
98,001,1.012757,29.1875,4.045881,29.70138,2025-10-06T16:30:21.629979,3.2598789222234927
99,001,1.012857,29.1875,4.051095,29.74764,2025-10-06T16:30:34.359703,3.285182678129104
100,001,1.012303,29.1875,4.051095,29.49217,2025-10-06T16:30:47.041132,3.144944188929344
101,001,1.011834,29.1875,4.035453,29.27851,2025-10-06T16:30:59.624412,3.0261161377295593
102,001,1.01184,29.1875,4.051095,29.28081,2025-10-06T16:31:12.425199,3.027636942004392
103,001,1.011242,29.1875,4.051095,29.01134,2025-10-06T16:31:25.187322,2.8759848821437117
104,001,1.010029,29.1875,4.056309,28.47488,2025-10-06T16:31:39.775709,2.5678813345650724
105,001,1.010038,29.1875,4.045881,28.47905,2025-10-06T16:31:52.532846,2.570169758023326
106,001,1.009956,29.1875,4.051095,28.44328,2025-10-06T16:32:05.160475,2.549318343799996
107,001,1.010234,29.125,4.045881,28.56474,2025-10-06T16:32:19.771922,2.619997584543057
108,001,1.009969,29.1875,4.051095,28.44868,2025-10-06T16:32:32.359034,2.5526242556938996
109,001,1.009531,29.125,4.056309,28.25883,2025-10-06T16:32:47.922237,2.441198957056031
110,001,1.009376,29.125,4.051095,28.19175,2025-10-06T16:33:00.508406,2.4017471298265036
111,001,1.009562,29.125,4.051095,28.27184,2025-10-06T16:33:13.111222,2.449088036064836
112,001,1.009324,29.125,4.051095,28.16933,2025-10-06T16:33:25.645639,2.3885092761161104
113,001,1.00981,29.125,4.051095,28.37941,2025-10-06T16:33:38.199501,2.5121852363721473
114,001,1.010484,29.125,4.051095,28.67436,2025-10-06T16:33:50.801763,2.6835286557744666
115,001,1.010195,29.125,4.045881,28.54734,2025-10-06T16:34:03.390434,2.610084227814127
116,001,1.010538,29.125,4.045881,28.69842,2025-10-06T16:34:15.987997,2.6972477129780827
117,001,1.01044,29.125,4.045881,28.65506,2025-10-06T16:34:28.775088,2.67234920503563
118,001,1.010202,29.125,4.051095,28.55061,2025-10-06T16:34:41.575424,2.611863598140417
119,001,1.01071,29.125,4.051095,28.77452,2025-10-06T16:34:54.173365,2.7409368012524737
120,001,1.010826,29.125,4.051095,28.82601,2025-10-06T16:35:06.975975,2.7703941036094193
121,001,1.011412,29.125,4.045881,29.08769,2025-10-06T16:35:19.585536,2.9191128250398606
122,001,1.011611,29.125,4.051095,29.17735,2025-10-06T16:35:32.196405,2.969581582267324
123,001,1.011973,29.125,4.051095,29.34148,2025-10-06T16:35:44.778403,3.0613440030574566
124,001,1.011402,29.125,4.045881,29.08312,2025-10-06T16:35:57.575317,2.9165762425629964
125,001,1.010967,29.125,4.045881,28.88864,2025-10-06T16:36:10.354897,2.806191904440084
126,001,1.010803,29.125,4.051095,28.81561,2025-10-06T16:36:22.953596,2.7645539073065493
127,001,1.01087,29.125,4.045881,28.84536,2025-10-06T16:36:35.766986,2.781565997505595
128,001,1.011089,29.125,4.051095,28.94306,2025-10-06T16:36:48.552204,2.837158755350856
129,001,1.01119,29.125,4.051095,28.98821,2025-10-06T16:37:01.149917,2.862790241263383
130,001,1.010613,29.125,4.051095,28.73131,2025-10-06T16:37:13.756596,2.716299806119764
131,001,1.009755,29.0625,4.051095,28.35555,2025-10-06T16:37:26.353098,2.4981942726689113
132,001,1.01009,29.125,4.051095,28.50149,2025-10-06T16:37:38.939931,2.583391053508876
133,001,1.010272,29.125,4.045881,28.58126,2025-10-06T16:37:51.541890,2.6296561010174173
134,001,1.009902,29.0625,4.056309,28.41959,2025-10-06T16:38:05.370835,2.5355852880891234
135,001,1.010328,29.0625,4.045881,28.60605,2025-10-06T16:38:18.167095,2.6438885320769714
136,001,1.010169,29.0625,4.051095,28.5362,2025-10-06T16:38:30.766793,2.603474946933261
137,001,1.009993,29.0625,4.051095,28.45902,2025-10-06T16:38:43.868857,2.5587272797670266
138,001,1.009931,29.125,4.051095,28.43235,2025-10-06T16:38:56.458565,2.542960609215811
139,001,1.010159,29.0625,4.045881,28.53185,2025-10-06T16:39:09.052898,2.600932835641629
140,001,1.010148,29.0625,4.051095,28.52704,2025-10-06T16:39:21.658282,2.598136461767467
141,001,1.010117,29.0625,4.045881,28.51338,2025-10-06T16:39:34.449172,2.5902554817372447
142,001,1.010472,29.0625,4.045881,28.66911,2025-10-06T16:39:47.256971,2.680479800132048
143,001,1.009941,29.0625,4.045881,28.43663,2025-10-06T16:39:59.840539,2.545503736478395
144,001,1.007467,29.0625,4.051095,27.38568,2025-10-06T16:40:12.439056,1.9149727467645334
145,001,1.007008,29.0625,4.051095,27.19662,2025-10-06T16:40:25.033994,1.7976892900196617
146,001,1.007336,29.0625,4.051095,27.33139,2025-10-06T16:40:37.635802,1.8815093291569838
147,001,1.00771,29.0625,4.045881,27.4865,2025-10-06T16:40:50.431940,1.9770257339907857
148,001,1.007944,29.0625,4.045881,27.58422,2025-10-06T16:41:03.229314,2.036755450719056
149,001,1.008198,29.0625,4.051095,27.69068,2025-10-06T16:41:17.762470,2.1015625124204007
150,001,1.0077,29.0625,4.051095,27.48259,2025-10-06T16:41:30.571802,1.9744726353347914
151,001,1.007316,29.0625,4.045881,27.3231,2025-10-06T16:41:43.156528,1.8763997331549263
152,001,1.007871,29.0625,4.051095,27.55375,2025-10-06T16:41:55.971149,2.0181244539243153
153,001,1.007728,29.0625,4.051095,27.49428,2025-10-06T16:42:08.552164,1.9816211986353665
154,001,1.006889,29.0,4.051095,27.14756,2025-10-06T16:42:21.163224,1.7672670329637867
155,001,1.00662,29.0625,4.051095,27.03795,2025-10-06T16:42:33.756509,1.6984739554692396
156,001,1.006969,29.0625,4.051095,27.18074,2025-10-06T16:42:46.550779,1.7877196709034706
157,001,1.007328,29.0625,4.045881,27.32829,2025-10-06T16:42:59.141085,1.8794655122881068
158,001,1.007724,29.0625,4.051095,27.49237,2025-10-06T16:43:11.748118,1.9805999968182277
159,001,1.008097,29.0,4.051095,27.64833,2025-10-06T16:43:24.335414,2.075796234891868
160,001,1.007998,29.0625,4.045881,27.60689,2025-10-06T16:43:36.937789,2.0505357480683415
161,001,1.00783,29.0625,4.051095,27.5366,2025-10-06T16:43:49.528636,2.0076594225052986
162,001,1.007382,29.0625,4.045881,27.3504,2025-10-06T16:44:02.336598,1.8932607190428143
163,001,1.007473,29.0,4.051095,27.38844,2025-10-06T16:44:15.435184,1.9165052380569705
164,001,1.007979,29.0,4.051095,27.59873,2025-10-06T16:44:28.034084,2.0456872738452603
165,001,1.007424,29.0625,4.045881,27.36773,2025-10-06T16:44:40.618958,1.9039894200670915
166,001,1.007567,29.0,4.045881,27.42735,2025-10-06T16:44:53.224369,1.940512160872231
167,001,1.007737,29.0,4.051095,27.49801,2025-10-06T16:45:06.020962,1.9839188765079143
168,001,1.0078,29.0,4.045881,27.52424,2025-10-06T16:45:18.625414,2.0000016052933915
169,001,1.008287,29.0,4.051095,27.72799,2025-10-06T16:45:31.214268,2.124263665306671
170,001,1.008221,29.0,4.051095,27.70019,2025-10-06T16:45:45.752671,2.1074294422112416
171,001,1.007235,29.0625,4.03024,27.28995,2025-10-06T16:45:58.348999,1.855704034281075
172,001,1.007097,29.0,4.051095,27.23305,2025-10-06T16:46:10.938152,1.82043791509534
173,001,1.007129,29.0,4.051095,27.24634,2025-10-06T16:46:23.740599,1.8286163270383895
174,001,1.007423,29.0,4.051095,27.36742,2025-10-06T16:46:36.535341,1.9037339839985634
175,001,1.006924,29.0,4.045881,27.16204,2025-10-06T16:46:49.340576,1.7762154156656607
176,001,1.007232,29.0,4.051095,27.28881,2025-10-06T16:47:01.938210,1.8549374703848116
177,001,1.007748,29.0,4.051095,27.50251,2025-10-06T16:47:14.530092,1.9867271001686504
178,001,1.007654,29.0,4.045881,27.46322,2025-10-06T16:47:27.336934,1.9627278042518128
179,001,1.008206,29.0,4.045881,27.69405,2025-10-06T16:47:39.926702,2.1036032105091635
180,001,1.008433,29.0,4.051095,27.78972,2025-10-06T16:47:52.529956,2.1614960817623796
181,001,1.008802,29.0,4.045881,27.94615,2025-10-06T16:48:05.124141,2.2555546887182345
182,001,1.00863,29.0,4.051095,27.87319,2025-10-06T16:48:17.704759,2.211719228281936
183,001,1.008466,29.0,4.045881,27.80381,2025-10-06T16:48:30.325013,2.1699103065141117
184,001,1.008848,29.0,4.051095,27.96577,2025-10-06T16:48:42.902319,2.2672758844859118
185,001,1.008559,29.0,4.051095,27.84299,2025-10-06T16:48:55.506926,2.193620500913994
186,001,1.008306,29.0,4.051095,27.7361,2025-10-06T16:49:08.103541,2.1291095196507968
187,001,1.00781,29.0,4.045881,27.52844,2025-10-06T16:49:20.684730,2.002554255835662
188,001,1.007789,29.0,4.051095,27.51969,2025-10-06T16:49:33.290701,1.9971936379453155
189,001,1.008028,29.0,4.051095,27.61946,2025-10-06T16:49:45.876909,2.058190904518824
190,001,1.006889,29.0,4.051095,27.1478,2025-10-06T16:49:58.504063,1.7672670329637867
191,001,1.007311,29.0,4.045881,27.32143,2025-10-06T16:50:11.087818,1.875122306117646
192,001,1.007221,29.0,4.051095,27.28392,2025-10-06T16:50:23.669927,1.8521267015497642
193,001,1.007707,29.0,4.045881,27.4854,2025-10-06T16:50:36.277833,1.9762598090998154
194,001,1.007391,29.0,4.051095,27.35436,2025-10-06T16:50:48.852035,1.8955597930079193
195,001,1.007427,29.0,4.045881,27.36937,2025-10-06T16:51:01.654325,1.9047557255814809
196,001,1.00755,29.0,4.051095,27.42011,2025-10-06T16:51:14.456998,1.9361707767933467
197,001,1.007199,29.0,4.051095,27.27501,2025-10-06T16:51:29.007809,1.8465050010007644
198,001,1.007241,29.0,4.051095,27.29238,2025-10-06T16:51:41.592914,1.8572371499589053
199,001,1.007194,29.0,4.051095,27.27316,2025-10-06T16:51:54.203127,1.8452273114967284
200,001,1.006425,29.0,4.045881,26.95874,2025-10-06T16:52:08.729383,1.648585040037574
201,001,1.00562,29.0,4.051095,26.63496,2025-10-06T16:52:21.329135,1.4424523220855008
202,001,1.005952,29.0,4.051095,26.76782,2025-10-06T16:52:33.920645,1.5275014000845886
203,001,1.006065,29.0,4.045881,26.81315,2025-10-06T16:52:46.521815,1.5564375088985116
204,001,1.005413,29.0,4.045881,26.55252,2025-10-06T16:52:59.111125,1.3893996077542852
205,001,1.005911,29.0,4.051095,26.75124,2025-10-06T16:53:13.661492,1.5170010371050466
206,001,1.006307,29.0,4.045881,26.91103,2025-10-06T16:53:26.243000,1.6183875485007775
207,001,1.005903,29.0,4.051095,26.74808,2025-10-06T16:53:38.843638,1.5149520975684254
208,001,1.005541,29.0,4.045881,26.60315,2025-10-06T16:53:51.435511,1.422207428923798
209,001,1.005729,28.9375,4.051095,26.67853,2025-10-06T16:54:04.242856,1.4703805341499674
210,001,1.005342,29.0,4.051095,26.52433,2025-10-06T16:54:16.833770,1.3711983357840154
211,001,1.005622,29.0,4.045881,26.63558,2025-10-06T16:54:29.369175,1.442964814537504
212,001,1.005753,29.0,4.045881,26.68801,2025-10-06T16:54:42.022296,1.476529146467783
213,001,1.0056,29.0,4.051095,26.62669,2025-10-06T16:54:54.623786,1.4373272984648793
214,001,1.005475,28.9375,4.045881,26.57703,2025-10-06T16:55:07.219315,1.4052918180777851
215,001,1.005747,28.9375,4.051095,26.68553,2025-10-06T16:55:23.319113,1.47499201770529
216,001,1.00598,29.0,4.045881,26.77917,2025-10-06T16:55:35.884270,1.5346719448914428
217,001,1.006248,28.9375,4.045881,26.887,2025-10-06T16:55:48.495465,1.603286454741692
218,001,1.006082,28.9375,4.045881,26.81996,2025-10-06T16:56:01.077442,1.5607902315597357
219,001,1.00628,29.0,4.045881,26.90013,2025-10-06T16:56:13.602723,1.6114770727589303
220,001,1.006133,28.9375,4.045881,26.84048,2025-10-06T16:56:26.161858,1.5738476193599809
221,001,1.006346,28.9375,4.045881,26.92655,2025-10-06T16:56:38.766397,1.6283687680376033
222,001,1.006591,28.9375,4.045881,27.02608,2025-10-06T16:56:51.352989,1.691055660099778
223,001,1.006616,28.9375,4.045881,27.03654,2025-10-06T16:57:03.876406,1.6974507647831842
224,001,1.006812,29.0,4.045881,27.11635,2025-10-06T16:57:16.463544,1.7475786545995788
225,001,1.006937,28.9375,4.045881,27.16723,2025-10-06T16:57:29.031546,1.779538960571358
226,001,1.006763,28.9375,4.045881,27.09617,2025-10-06T16:57:41.631754,1.735048300067092
227,001,1.006964,28.9375,4.045881,27.17852,2025-10-06T16:57:54.434112,1.7864414652208325
228,001,1.006504,28.9375,4.051095,26.99084,2025-10-06T16:58:06.935884,1.6687985062727648
229,001,1.006533,28.9375,4.045881,27.00259,2025-10-06T16:58:19.464078,1.6762179355281432
230,001,1.006348,28.9375,4.045881,26.92764,2025-10-06T16:58:32.020176,1.6288806070132296
231,001,1.006614,28.9375,4.045881,27.03562,2025-10-06T16:58:44.532307,1.6969391667440732
232,001,1.003471,28.9375,4.051095,25.79437,2025-10-06T16:58:59.064993,0.8907362668402357
233,001,1.003732,28.9375,4.045881,25.89463,2025-10-06T16:59:11.566774,0.957854542738346
234,001,1.004187,28.9375,4.045881,26.07048,2025-10-06T16:59:24.062733,1.074787799688238
235,001,1.003946,28.9375,4.051095,25.97703,2025-10-06T16:59:36.634094,1.0128633857152636
236,001,1.004112,28.9375,4.051095,26.04161,2025-10-06T16:59:49.233841,1.0555195310429326
237,001,1.004465,28.9375,4.045881,26.17861,2025-10-06T17:00:01.743309,1.1461866731776809
238,001,1.004884,28.9375,4.051095,26.34294,2025-10-06T17:00:14.517208,1.2537326917115479
239,001,1.00517,28.9375,4.045881,26.45582,2025-10-06T17:00:27.318882,1.3270956928896567
240,001,1.005163,28.9375,4.045881,26.45308,2025-10-06T17:00:39.917210,1.3253005354096103
241,001,1.005302,28.9375,4.051095,26.50825,2025-10-06T17:00:52.511458,1.3609430974023553
242,001,1.005196,28.9375,4.051095,26.46634,2025-10-06T17:01:05.099535,1.3337632272205155
243,001,1.005489,28.9375,4.045881,26.5827,2025-10-06T17:01:17.910902,1.4088801419655965
244,001,1.005795,28.9375,4.045881,26.70469,2025-10-06T17:01:30.522226,1.4872885939098524
245,001,1.006141,28.9375,4.045881,26.84384,2025-10-06T17:01:43.092749,1.575895730876482
246,001,1.005475,28.9375,4.045881,26.57708,2025-10-06T17:01:55.684991,1.4052918180777851
247,001,1.005322,28.9375,4.045881,26.51597,2025-10-06T17:02:08.276591,1.3660708067486667
248,001,1.005478,28.9375,4.045881,26.57802,2025-10-06T17:02:20.878986,1.4060607520601707
249,001,1.005723,28.9375,4.045881,26.67613,2025-10-06T17:02:33.472978,1.468843340541298
250,001,1.00611,28.9375,4.045881,26.83156,2025-10-06T17:02:46.082022,1.5679591383624256
251,001,1.006422,28.9375,4.045881,26.95747,2025-10-06T17:02:58.668183,1.6478173847601738
252,001,1.006286,28.9375,4.045881,26.90256,2025-10-06T17:03:11.272733,1.6130127623669068
253,001,1.006157,28.9375,4.045881,26.85032,2025-10-06T17:03:23.851288,1.579991867533181
254,001,1.005871,28.9375,4.051095,26.73535,2025-10-06T17:03:36.360028,1.506756051325624
255,001,1.006039,28.9375,4.045881,26.80277,2025-10-06T17:03:48.938741,1.5497801521202064
256,001,1.006107,28.9375,4.051095,26.83025,2025-10-06T17:04:01.649408,1.567191058077242
257,001,1.006342,28.9375,4.045881,26.92492,2025-10-06T17:04:14.175387,1.6273450846903188
258,001,1.006238,28.875,4.045881,26.88291,2025-10-06T17:04:28.784837,1.600726792162618
259,001,1.00616,28.9375,4.045881,26.85138,2025-10-06T17:04:41.386764,1.5807598803349947
260,001,1.00589,28.875,4.045881,26.74301,2025-10-06T17:04:53.973325,1.5116225093768207
261,001,1.006006,28.875,4.045881,26.7896,2025-10-06T17:05:06.576288,1.541329991985549
262,001,1.00526,28.9375,4.045881,26.49176,2025-10-06T17:05:19.161025,1.3501743208241805
263,001,1.0054,28.875,4.045881,26.5473,2025-10-06T17:05:31.750915,1.3860671504091897
264,001,1.005422,28.9375,4.045881,26.55592,2025-10-06T17:05:44.350055,1.3917066489914305
265,001,1.005667,28.875,4.045881,26.65379,2025-10-06T17:05:56.943141,1.4544954183743357
266,001,1.005589,28.9375,4.045881,26.62255,2025-10-06T17:06:09.549120,1.4345084586684607
267,001,1.005216,28.875,4.045881,26.47407,2025-10-06T17:06:22.063443,1.3388918923608344
268,001,1.00527,28.9375,4.045881,26.4957,2025-10-06T17:06:34.637299,1.352738387379759
269,001,1.005469,28.875,4.045881,26.57451,2025-10-06T17:06:47.225307,1.4037539379467034
270,001,1.005747,28.875,4.045881,26.68569,2025-10-06T17:06:59.816509,1.47499201770529
271,001,1.005637,28.875,4.045881,26.6416,2025-10-06T17:07:12.422467,1.446808450495837
272,001,1.005716,28.875,4.045881,26.67321,2025-10-06T17:07:25.016949,1.4670499275074462
273,001,1.004867,28.875,4.045881,26.33636,2025-10-06T17:07:37.614865,1.249370791920228
274,001,1.004012,28.875,4.045881,26.00275,2025-10-06T17:07:50.203565,1.029824550210833
275,001,1.00414,28.875,4.045881,26.0524,2025-10-06T17:08:04.741474,1.062713315462247
276,001,1.004387,28.875,4.051095,26.14845,2025-10-06T17:08:17.554094,1.12615742011792
277,001,1.00446,28.875,4.045881,26.17694,2025-10-06T17:08:30.138341,1.1449028291430068
278,001,1.003904,28.875,4.045881,25.96091,2025-10-06T17:08:42.738508,1.0020688916404197
279,001,1.003783,28.875,4.045881,25.91428,2025-10-06T17:08:55.531506,0.9709660073012856
280,001,1.00401,28.875,4.045881,26.00206,2025-10-06T17:09:08.137988,1.0293106044721299
281,001,1.004238,28.875,4.045881,26.09023,2025-10-06T17:09:20.664844,1.0878887699991537
282,001,1.004582,28.875,4.045881,26.22454,2025-10-06T17:09:33.177066,1.1762253999850145
283,001,1.004717,28.875,4.045881,26.27762,2025-10-06T17:09:47.763504,1.2108777879881245
284,001,1.00496,28.875,4.051095,26.37316,2025-10-06T17:10:02.293609,1.2732313549366836
285,001,1.005222,28.875,4.045881,26.47649,2025-10-06T17:10:14.900241,1.3404304567329746
286,001,1.005448,28.875,4.045881,26.56647,2025-10-06T17:10:27.491512,1.3983712297363127
287,001,1.005168,28.875,4.045881,26.45527,2025-10-06T17:10:40.285622,1.3265827930071055
288,001,1.005002,28.875,4.045881,26.38954,2025-10-06T17:10:52.891817,1.2840058139431676
289,001,1.005152,28.875,4.045881,26.44871,2025-10-06T17:11:05.470283,1.3224795290109341
290,001,1.005515,28.875,4.045881,26.59282,2025-10-06T17:11:18.070552,1.4155439377360608
291,001,1.005356,28.875,4.045881,26.52954,2025-10-06T17:11:30.671311,1.3747874988283684
292,001,1.005658,28.875,4.045881,26.64986,2025-10-06T17:11:43.271649,1.4521893705747289
293,001,1.005612,28.875,4.045881,26.6318,2025-10-06T17:11:55.860512,1.4404023342593746
294,001,1.006065,28.875,4.051095,26.81309,2025-10-06T17:12:08.452938,1.5564375088985116
295,001,1.00567,28.875,4.045881,26.65475,2025-10-06T17:12:21.045070,1.4552640928668552
296,001,1.005075,28.875,4.045881,26.4183,2025-10-06T17:12:33.645975,1.3027309562748997
297,001,1.005192,28.875,4.045881,26.46447,2025-10-06T17:12:46.244768,1.3327374725489562
298,001,1.005268,28.875,4.045881,26.49478,2025-10-06T17:12:58.757748,1.3522255776753127
299,001,1.00549,28.875,4.045881,26.58304,2025-10-06T17:13:11.280177,1.4091364474352304
300,001,1.005699,28.875,4.045881,26.66646,2025-10-06T17:13:23.829725,1.462694403982141
301,001,1.006029,28.875,4.045881,26.79879,2025-10-06T17:13:36.355925,1.5472195492849323
302,001,1.006163,28.875,4.045881,26.85271,2025-10-06T17:13:48.917299,1.581527889088079
303,001,1.006232,28.875,4.045881,26.88042,2025-10-06T17:14:01.720724,1.5991909730261114
304,001,1.005832,28.875,4.045881,26.71946,2025-10-06T17:14:14.409235,1.496766496694704
305,001,1.005263,28.8125,4.045881,26.49263,2025-10-06T17:14:27.006524,1.3509435455247285
306,001,1.005551,28.875,4.045881,26.60707,2025-10-06T17:14:39.595298,1.424770229052001
307,001,1.005321,28.875,4.025026,26.51565,2025-10-06T17:14:52.397079,1.3658144255635989
308,001,1.004887,28.8125,4.045881,26.34435,2025-10-06T17:15:04.998745,1.2545024251957102
309,001,1.004929,28.8125,4.045881,26.36094,2025-10-06T17:15:17.583782,1.2652782675525032
310,001,1.005187,28.875,4.045881,26.46248,2025-10-06T17:15:30.187085,1.3314552690636674
311,001,1.004929,28.8125,4.045881,26.36076,2025-10-06T17:15:44.720541,1.2652782675525032
312,001,1.004764,28.8125,4.045881,26.29576,2025-10-06T17:15:57.522490,1.2229400217557895
313,001,1.005048,28.875,4.045881,26.40762,2025-10-06T17:16:10.124655,1.2958054988234835
314,001,1.005146,28.8125,4.040668,26.44657,2025-10-06T17:16:22.712707,1.3209407752491416
315,001,1.004945,28.8125,4.045881,26.36727,2025-10-06T17:16:35.732325,1.2693831409902714
316,001,1.005064,28.8125,4.045881,26.41421,2025-10-06T17:16:48.521195,1.2999095133028504
317,001,1.005055,28.8125,4.045881,26.41061,2025-10-06T17:17:01.126169,1.2976010193668799
318,001,1.004665,28.8125,4.045881,26.25688,2025-10-06T17:17:13.712420,1.1975311758520775
319,001,1.004824,28.8125,4.045881,26.31946,2025-10-06T17:17:26.534674,1.238337169114061
320,001,1.004702,28.8125,4.045881,26.2714,2025-10-06T17:17:39.111370,1.2070279289994232
321,001,1.004802,28.8125,4.045881,26.31069,2025-10-06T17:17:51.698955,1.2326917370813817
322,001,1.004715,28.8125,4.045881,26.27666,2025-10-06T17:18:04.201273,1.2103644793251078
323,001,1.004881,28.8125,4.045881,26.34195,2025-10-06T17:18:16.989671,1.252962954166037
324,001,1.004879,28.8125,4.045881,26.34103,2025-10-06T17:18:29.589819,1.2524497935462477
325,001,1.004939,28.8125,4.045881,26.36464,2025-10-06T17:18:42.111378,1.2678438269871322
326,001,1.004869,28.8125,4.045881,26.3372,2025-10-06T17:18:54.626324,1.2498839633706211
327,001,1.004534,28.8125,4.040668,26.20567,2025-10-06T17:19:07.166731,1.1639025676847723
328,001,1.004295,28.8125,4.045881,26.11251,2025-10-06T17:19:19.762672,1.1025296397965576
329,001,1.00412,28.8125,4.045881,26.04445,2025-10-06T17:19:32.366072,1.0575749341869596
330,001,1.004272,28.8125,4.045881,26.10347,2025-10-06T17:19:44.960131,1.0966220971096163
331,001,1.004449,28.8125,4.040668,26.17261,2025-10-06T17:19:57.551285,1.1420783325154389
332,001,1.004526,28.8125,4.045881,26.20286,2025-10-06T17:20:10.152520,1.1618486611374692
333,001,1.00441,28.8125,4.045881,26.15737,2025-10-06T17:20:22.743729,1.1320637676583374
334,001,1.004758,28.8125,4.045881,26.29363,2025-10-06T17:20:35.451368,1.2214002176489203
335,001,1.00407,28.8125,4.045881,26.02513,2025-10-06T17:20:48.041232,1.0447281898166239
336,001,1.003908,28.8125,4.045881,25.96244,2025-10-06T17:21:00.640991,1.003096973071024
337,001,1.003899,28.8125,4.045881,25.95898,2025-10-06T17:21:13.228809,1.0007837796748618
338,001,1.004512,28.8125,4.045881,26.19735,2025-10-06T17:21:25.825557,1.1582542551252573
339,001,1.004354,28.8125,4.045881,26.13551,2025-10-06T17:21:38.413297,1.1176826779186513
340,001,1.004508,28.8125,4.045881,26.19567,2025-10-06T17:21:51.014751,1.1572272657190297
341,001,1.004088,28.8125,4.045881,26.03198,2025-10-06T17:22:03.602381,1.0493531480015008
342,001,1.003955,28.8125,4.045881,25.98047,2025-10-06T17:22:16.205487,1.015176387786596
343,001,1.003887,28.8125,4.045881,25.95425,2025-10-06T17:22:28.782655,0.997699464818993
344,001,1.004093,28.8125,4.040668,26.03422,2025-10-06T17:22:41.605892,1.0506378326106187
345,001,1.004168,28.8125,4.045881,26.06329,2025-10-06T17:22:54.395977,1.0699067454576152
346,001,1.004283,28.8125,4.040668,26.10792,2025-10-06T17:23:07.119420,1.0994474734383175
347,001,1.00433,28.8125,4.045881,26.12626,2025-10-06T17:23:19.693358,1.1115189199922497
348,001,1.004612,28.8125,4.045881,26.23621,2025-10-06T17:23:32.280029,1.1839266418078296
349,001,1.00459,28.8125,4.045881,26.22756,2025-10-06T17:23:46.829714,1.1782791042096505
350,001,1.004324,28.8125,4.040668,26.12389,2025-10-06T17:23:59.417679,1.1099779398434748
351,001,1.004564,28.75,4.045881,26.21768,2025-10-06T17:24:11.946368,1.1716044598075541
352,001,1.00483,28.8125,4.045881,26.3219,2025-10-06T17:24:24.500687,1.2398767944841893
353,001,1.004792,28.75,4.045881,26.30676,2025-10-06T17:24:37.116448,1.2301255593972655
354,001,1.003283,28.8125,4.045881,25.72239,2025-10-06T17:24:49.705013,0.8423714256339281
355,001,1.003099,28.8125,4.040668,25.6522,2025-10-06T17:25:02.295210,0.795020119855053
356,001,1.003211,28.75,4.045881,25.69476,2025-10-06T17:25:14.795547,0.8238444807184351
357,001,1.002717,28.8125,4.045881,25.5076,2025-10-06T17:25:27.393912,0.6966656889204614
358,001,1.002824,28.75,4.045881,25.54802,2025-10-06T17:25:39.981226,0.7242218998686667
359,001,1.003058,28.8125,4.045881,25.63667,2025-10-06T17:25:52.582205,0.7844669234813182
360,001,1.003338,28.75,4.045881,25.74356,2025-10-06T17:26:05.168835,0.8565223708427538
361,001,1.003505,28.75,4.040668,25.80723,2025-10-06T17:26:19.714248,0.8994813907312391
362,001,1.003709,28.75,4.040668,25.88578,2025-10-06T17:26:32.517578,0.9519411442239516
363,001,1.003887,28.75,4.045881,25.95419,2025-10-06T17:26:46.333492,0.997699464818993
364,001,1.004061,28.75,4.040668,26.0217,2025-10-06T17:26:58.934224,1.042415655788659
365,001,1.003315,28.75,4.045881,25.73464,2025-10-06T17:27:11.517510,0.8506048695420532
366,001,1.003387,28.75,4.045881,25.76202,2025-10-06T17:27:27.488701,0.8691284224536275
367,001,1.003337,28.75,4.045881,25.74302,2025-10-06T17:27:40.095775,0.856265093159891
368,001,1.003342,28.75,4.045881,25.7449,2025-10-06T17:27:52.687017,0.8575514770438986
369,001,1.003227,28.75,4.040668,25.70121,2025-10-06T17:28:05.396709,0.8279617825576224
370,001,1.003343,28.75,4.045881,25.74522,2025-10-06T17:28:18.011731,0.8578087524620059
371,001,1.003253,28.75,4.045881,25.7109,2025-10-06T17:28:30.820094,0.8346521506719
372,001,1.003288,28.75,4.040668,25.72426,2025-10-06T17:28:43.333675,0.843657931821781
373,001,1.003095,28.75,4.040668,25.65067,2025-10-06T17:28:55.850735,0.7939905732597481
374,001,1.003232,28.75,4.045881,25.70278,2025-10-06T17:29:10.354386,0.8292484155959983
375,001,1.003273,28.75,4.045881,25.71843,2025-10-06T17:56:30.565349,0.8397983792823425
376,001,1.00291,28.75,4.045881,25.58038,2025-10-06T17:56:30.576319,0.7463661187402977
377,001,1.002882,28.75,4.040668,25.5699,2025-10-06T17:56:30.596551,0.7391567412703353
378,001,1.003077,28.75,4.040668,25.64396,2025-10-06T17:56:30.606598,0.7893575238437052
379,001,1.002882,28.75,4.040668,25.5699,2025-10-06T17:56:30.596551,0.7391567412703353
380,001,1.002618,28.75,4.040668,25.47013,2025-10-06T17:56:30.635769,0.6711651297998742
381,001,1.001227,28.6875,4.035453,24.95182,2025-10-06T17:56:30.695797,0.31239870057504504
382,001,1.002152,28.6875,4.035453,25.29509,2025-10-06T17:56:30.656910,0.5510724450429052
383,001,1.002194,28.6875,4.035453,25.31079,2025-10-06T17:56:30.674316,0.561900292219093
384,001,1.00258,28.75,4.045881,25.45583,2025-10-06T17:56:30.643614,0.6613758553792195
385,001,1.001181,28.625,4.040668,24.935,2025-10-06T17:56:30.684434,0.3005193596037543
386,001,1.002978,28.6875,4.040668,25.60612,2025-10-06T17:56:30.662887,0.7638731269736354
387,001,1.001926,28.6875,4.040668,25.21063,2025-10-06T17:56:30.680337,0.49279455652924753
388,001,1.002596,28.6875,4.035453,25.46187,2025-10-06T17:56:30.664559,0.6654977349968476
389,001,1.001926,28.6875,4.040668,25.21063,2025-10-06T17:56:30.680337,0.49279455652924753
390,001,1.001336,28.6875,4.040668,24.99192,2025-10-06T17:56:30.699153,0.34054372812863676
391,001,1.00258,28.75,4.045881,25.45583,2025-10-06T17:56:30.643614,0.6613758553792195
392,001,1.002264,28.6875,4.040668,25.33702,2025-10-06T17:56:30.682268,0.5799449237489398
393,001,1.001227,28.6875,4.035453,24.95182,2025-10-06T17:56:30.695797,0.31239870057504504
394,001,1.00258,28.75,4.045881,25.45583,2025-10-06T17:56:30.643614,0.6613758553792195
395,001,1.001181,28.625,4.040668,24.935,2025-10-06T17:56:30.684434,0.3005193596037543
396,001,1.00258,28.75,4.045881,25.45583,2025-10-06T17:56:30.643614,0.6613758553792195
397,001,1.002572,28.6875,4.040668,25.45251,2025-10-06T17:56:30.676271,0.6593148720078261
398,001,1.002442,28.6875,4.035453,25.40392,2025-10-06T17:56:30.665661,0.6258198213462265
399,001,1.001351,28.6875,4.040668,24.99747,2025-10-06T17:56:30.689399,0.34441647374490003
400,001,1.002286,28.75,4.040668,25.34513,2025-10-06T17:56:30.655585,0.5856156340660164
401,001,1.001347,28.6875,4.035453,24.99618,2025-10-06T17:56:30.683250,0.34338375159336465
402,001,1.002671,28.6875,4.035453,25.49023,2025-10-06T17:56:30.659413,0.6848174973169989
403,001,1.002019,28.6875,4.035453,25.24539,2025-10-06T17:56:30.677668,0.5167789756244474
404,001,1.002868,28.75,4.040668,25.56437,2025-10-06T17:56:30.617387,0.7355519192228712
405,001,1.001347,28.6875,4.035453,24.99618,2025-10-06T17:56:30.683250,0.34338375159336465
406,001,1.002494,28.6875,4.019812,25.4235,2025-10-06T17:56:30.654820,0.639218762046653
407,001,1.001181,28.625,4.040668,24.935,2025-10-06T17:56:30.684434,0.3005193596037543
408,001,1.002572,28.6875,4.040668,25.45251,2025-10-06T17:56:30.676271,0.6593148720078261
409,001,1.002167,28.6875,4.040668,25.3006,2025-10-06T17:56:30.667384,0.5549396253010173
410,001,1.002047,28.75,4.035453,25.2557,2025-10-06T17:56:30.651236,0.5239993212683203
411,001,1.002287,28.75,4.040668,25.34546,2025-10-06T17:56:30.653323,0.5858733884035701
412,001,1.002043,28.75,4.035453,25.25445,2025-10-06T17:56:30.656215,0.522967865129317
413,001,1.00258,28.75,4.045881,25.45583,2025-10-06T17:56:30.643614,0.6613758553792195
414,001,1.003204,28.75,4.045881,25.69239,2025-10-06T17:56:30.613200,0.8220431246902535
415,001,1.001995,28.6875,4.035453,25.23645,2025-10-06T17:56:30.681889,0.5105898243889442
416,001,1.002413,28.6875,4.040668,25.39285,2025-10-06T17:56:30.658774,0.6183468020553846
417,001,1.002572,28.6875,4.040668,25.45285,2025-10-06T17:56:30.663316,0.6593148720078261
418,001,1.002061,28.6875,4.035453,25.26096,2025-10-06T17:56:30.668593,0.5276093605064034
419,001,1.002671,28.6875,4.035453,25.49023,2025-10-06T17:56:30.659413,0.6848174973169989
420,001,1.002717,28.6875,4.035453,25.50747,2025-10-06T17:56:30.661329,0.6966656889204614
421,001,1.00258,28.75,4.045881,25.45583,2025-10-06T17:56:30.643614,0.6613758553792195
422,001,1.00258,28.75,4.045881,25.45583,2025-10-06T17:56:30.643614,0.6613758553792195
423,001,1.0024,28.6875,4.019812,25.38802,2025-10-06T17:56:30.673463,0.614996703960287
424,001,1.002199,28.75,4.040668,25.31244,2025-10-06T17:56:30.652450,0.5631892682747548
425,001,1.0024,28.6875,4.019812,25.38802,2025-10-06T17:56:30.673463,0.614996703960287
426,001,1.00258,28.75,4.045881,25.45583,2025-10-06T17:56:30.643614,0.6613758553792195
427,001,1.002298,28.75,4.040668,25.34958,2025-10-06T17:56:30.641458,0.5887086561471051
428,001,1.002298,28.75,4.040668,25.34958,2025-10-06T17:56:30.641458,0.5887086561471051
429,001,1.002494,28.6875,4.019812,25.4235,2025-10-06T17:56:30.654820,0.639218762046653
430,001,1.002174,28.6875,4.035453,25.30307,2025-10-06T17:56:30.671143,0.5567442744455775
431,001,1.002121,28.75,4.040668,25.2834,2025-10-06T17:56:30.651811,0.5430799486265414
432,001,1.002654,28.75,4.040668,25.48376,2025-10-06T17:56:30.638339,0.6804385748715731
433,001,1.002405,28.6875,4.040668,25.38996,2025-10-06T17:56:30.658387,0.6162852123071616
434,001,1.002427,28.75,4.040668,25.39791,2025-10-06T17:56:30.648050,0.6219545142049583
435,001,1.00258,28.75,4.045881,25.45583,2025-10-06T17:56:30.643614,0.6613758553792195
436,001,1.002572,28.6875,4.040668,25.45285,2025-10-06T17:56:30.663316,0.6593148720078261
437,001,1.00281,28.6875,4.040668,25.54251,2025-10-06T17:56:30.660740,0.7206167095890805
438,001,1.002868,28.75,4.040668,25.56437,2025-10-06T17:56:30.617387,0.7355519192228712
439,001,1.00258,28.75,4.045881,25.45583,2025-10-06T17:56:30.643614,0.6613758553792195
440,001,1.002654,28.75,4.040668,25.48376,2025-10-06T17:56:30.638339,0.6804385748715731
441,001,1.003001,28.75,4.040668,25.61484,2025-10-06T17:56:30.649867,0.769794140611566
442,001,1.002565,28.6875,4.035453,25.44996,2025-10-06T17:56:30.663976,0.6575114877339274
443,001,1.002287,28.75,4.040668,25.34546,2025-10-06T17:56:30.653323,0.5858733884035701
444,001,1.002204,28.6875,4.040668,25.31444,2025-10-06T17:56:30.670203,0.5644782329752616
445,001,1.002654,28.75,4.040668,25.48376,2025-10-06T17:56:30.638339,0.6804385748715731
446,001,1.002167,28.6875,4.040668,25.3006,2025-10-06T17:56:30.667384,0.5549396253010173
447,001,1.003204,28.75,4.045881,25.69239,2025-10-06T17:56:30.613200,0.8220431246902535
448,001,1.002194,28.6875,4.035453,25.31079,2025-10-06T17:56:30.674316,0.561900292219093
449,001,1.002174,28.6875,4.035453,25.30307,2025-10-06T17:56:30.671143,0.5567442744455775
450,001,1.002868,28.75,4.040668,25.56437,2025-10-06T17:56:30.617387,0.7355519192228712
451,001,1.00258,28.75,4.045881,25.45583,2025-10-06T17:56:30.643614,0.6613758553792195
452,001,1.001106,28.6875,4.035453,24.90748,2025-10-06T17:56:34.400329,0.28114880286943844
453,001,1.001069,28.625,4.040668,24.89406,2025-10-06T18:05:23.747772,0.2715917180021279
454,001,1.001295,28.6875,4.035453,24.97708,2025-10-06T18:05:23.757757,0.32995770093111787
455,001,1.001254,28.625,4.035453,24.9617,2025-10-06T18:05:23.774598,0.3193709085661567
456,001,1.000999,28.625,4.040668,24.8684,2025-10-06T18:05:23.802314,0.253509040988547
457,001,1.001385,28.625,4.035453,25.01019,2025-10-06T18:05:23.821870,0.3531943180289545
458,001,1.00161,28.625,4.040668,25.09324,2025-10-06T18:05:23.824685,0.4112697353614294
459,001,0.998884,28.625,4.035453,24.10783,2025-10-06T18:05:23.846525,-0.29390037145310544
460,001,0.998884,28.625,4.035453,24.10783,2025-10-06T18:05:23.846525,-0.29390037145310544
461,001,0.998884,28.625,4.035453,24.10783,2025-10-06T18:05:23.846525,-0.29390037145310544
462,001,0.998884,28.625,4.035453,24.10783,2025-10-06T18:05:23.846525,-0.29390037145310544
463,001,0.998884,28.625,4.035453,24.10783,2025-10-06T18:05:23.846525,-0.29390037145310544
464,001,0.998884,28.625,4.035453,24.10783,2025-10-06T18:05:23.846525,-0.29390037145310544
465,001,0.998884,28.625,4.035453,24.10783,2025-10-06T18:05:23.846525,-0.29390037145310544
466,001,0.998884,28.625,4.035453,24.10783,2025-10-06T18:05:23.846525,-0.29390037145310544
467,001,0.998884,28.625,4.035453,24.10783,2025-10-06T18:05:23.846525,-0.29390037145310544
468,001,0.998884,28.625,4.035453,24.10783,2025-10-06T18:05:23.846525,-0.29390037145310544
469,001,1.001809,28.625,4.035453,25.16717,2025-10-06T18:05:23.833994,0.46261502634592944
470,001,0.998884,28.625,4.035453,24.10783,2025-10-06T18:05:23.846525,-0.29390037145310544
471,001,1.001809,28.625,4.035453,25.16717,2025-10-06T18:05:23.833994,0.46261502634592944
472,001,0.998884,28.625,4.035453,24.10783,2025-10-06T18:05:23.846525,-0.29390037145310544
473,001,0.998884,28.625,4.035453,24.10783,2025-10-06T18:05:23.846525,-0.29390037145310544
474,001,0.998884,28.625,4.035453,24.10783,2025-10-06T18:05:23.846525,-0.29390037145310544
475,001,0.998884,28.625,4.035453,24.10783,2025-10-06T18:05:23.846525,-0.29390037145310544
476,001,0.998884,28.625,4.035453,24.10783,2025-10-06T18:05:23.846525,-0.29390037145310544
477,001,0.999388,28.625,4.035453,24.28655,2025-10-06T18:05:35.959774,-0.16326839689304506
478,001,0.999489,28.625,4.035453,24.32222,2025-10-06T18:05:48.734761,-0.1371041392405914
479,001,0.999569,28.625,4.035453,24.35094,2025-10-06T18:06:01.661098,-0.11638328467893189
480,001,0.999805,28.625,4.035453,24.43525,2025-10-06T18:06:14.249675,-0.05527380502883261
481,001,0.999862,28.625,4.035453,24.45599,2025-10-06T18:06:27.037401,-0.04051812725913351
482,001,0.999978,28.625,4.035453,24.49767,2025-10-06T18:06:39.627476,-0.010493611500123734
483,001,1.000177,28.625,4.035453,24.56932,2025-10-06T18:06:52.224185,0.04099965204466116
484,001,1.000137,28.625,4.035453,24.5549,2025-10-06T18:07:04.817211,0.03065069897252215
485,001,1.000332,28.625,4.035453,24.62529,2025-10-06T18:07:17.329060,0.0810949483393415
486,001,1.000441,28.625,4.040668,24.66483,2025-10-06T18:07:29.908340,0.10928443078637429
487,001,0.99888,27.75,3.993743,24.10618,2025-10-06T21:27:53.134374,-0.294937598121237
488,001,0.998901,27.75,3.993743,24.11351,2025-10-06T21:28:09.234205,-0.28949223983499905
489,001,0.999001,27.75,3.993743,24.14894,2025-10-06T21:28:29.102109,-0.2635647318379597
490,001,0.999022,27.75,3.993743,24.15626,2025-10-06T21:29:08.060079,-0.258120536699721
491,001,0.999085,27.75,3.993743,24.1786,2025-10-06T21:29:27.952821,-0.24178916225002922
492,001,0.998526,27.75,4.004171,23.98152,2025-10-06T21:29:42.299081,-0.38676117717443503
493,001,0.998548,27.75,3.993743,23.98942,2025-10-06T21:29:59.662690,-0.381052954155507
494,001,0.998632,27.75,3.993743,24.01875,2025-10-06T21:30:14.172205,-0.35925996058540477
495,001,0.998657,27.75,3.993743,24.02777,2025-10-06T21:30:28.588848,-0.352774574786622
496,001,0.998598,27.75,3.993743,24.00704,2025-10-06T21:31:08.812331,-0.36808054475068275
497,001,0.998619,27.75,3.993743,24.01448,2025-10-06T21:31:58.125991,-0.3626324743507894
498,001,0.998663,27.75,3.993743,24.02983,2025-10-06T21:32:11.204247,-0.35121812479621894
499,001,0.998728,27.75,3.993743,24.05251,2025-10-06T21:32:25.536656,-0.33435764017633574
500,001,0.998703,27.75,3.993743,24.04371,2025-10-06T21:32:40.904048,-0.3408422129386963
501,001,0.998626,27.75,3.993743,24.01667,2025-10-06T21:33:03.074767,-0.3608164957798863
502,001,0.998668,27.75,3.98853,24.03151,2025-10-06T21:33:15.874469,-0.34992109573477137
503,001,0.998749,27.75,3.993743,24.05992,2025-10-06T21:34:01.730814,-0.3289108202686748
504,001,0.998731,27.75,3.98853,24.05384,2025-10-06T21:34:14.421172,-0.33357951068092007
505,001,0.998781,27.75,3.993743,24.07125,2025-10-06T21:34:29.240018,-0.32061129257681387
506,001,0.998795,27.75,3.98853,24.07626,2025-10-06T21:34:43.969987,-0.3169803966698055
507,001,0.998818,27.75,3.98853,24.08455,2025-10-06T21:35:01.071820,-0.31101554823885635
508,001,0.998773,27.75,3.98853,24.06866,2025-10-06T21:35:33.927891,-0.3226861305364537
509,001,0.998899,27.75,3.993743,24.11311,2025-10-06T21:35:47.267250,-0.2900108366876566
510,001,0.998871,27.75,3.993743,24.10303,2025-10-06T21:36:02.360486,-0.2972713849075035
511,001,0.998822,27.75,3.98853,24.08581,2025-10-06T21:36:15.507177,-0.3099782080211071
512,001,0.998842,27.75,4.004171,24.09269,2025-10-06T21:36:29.664400,-0.3047916168255824
513,001,0.998864,27.6875,3.993743,24.10072,2025-10-06T21:36:44.905083,-0.2990865780469676
514,001,0.998906,27.75,3.993743,24.11528,2025-10-06T21:37:00.441255,-0.28819575571526457
515,001,0.998922,27.75,3.98853,24.1211,2025-10-06T21:37:13.723638,-0.28404708344169194
516,001,0.998919,27.75,3.993743,24.11997,2025-10-06T21:37:28.580475,-0.28482495056596235
517,001,0.998947,27.75,3.993743,24.12978,2025-10-06T21:37:42.683010,-0.27756501762655716
518,001,0.998761,27.75,3.993743,24.06423,2025-10-06T21:37:55.533914,-0.3257984424293454
519,001,0.999047,27.75,3.98853,24.16522,2025-10-06T21:38:08.794752,-0.2516396151728486
520,001,0.998931,27.75,3.993743,24.12431,2025-10-06T21:38:21.375575,-0.2817135067887193
521,001,0.998973,27.75,3.98853,24.13894,2025-10-06T21:38:36.199809,-0.2708239726712236
522,001,0.998806,27.75,3.98853,24.08018,2025-10-06T21:38:49.021161,-0.3141276128502568
523,001,0.998767,27.6875,3.98853,24.06627,2025-10-06T21:39:02.084481,-0.3242422782396943
524,001,0.99884,27.75,3.993743,24.09212,2025-10-06T21:39:14.897501,-0.3053102677033621
525,001,0.998843,27.6875,3.993743,24.09316,2025-10-06T21:39:30.842426,-0.3045322920735316
526,001,0.998992,27.75,3.993743,24.14581,2025-10-06T21:39:46.083203,-0.2658980201144914
527,001,0.999023,27.6875,3.993743,24.15685,2025-10-06T21:40:09.195063,-0.2578612943466396
528,001,0.999042,27.6875,3.993743,24.16367,2025-10-06T21:40:24.042798,-0.2529357765954501
529,001,0.998996,27.6875,3.993743,24.14709,2025-10-06T21:40:54.737312,-0.2648609985257053
530,001,0.998812,27.6875,3.993743,24.0824,2025-10-06T21:41:11.014856,-0.312571572302204
531,001,0.998814,27.6875,3.993743,24.08298,2025-10-06T21:41:30.289482,-0.3120528957829265
532,001,0.998828,27.6875,3.98853,24.08796,2025-10-06T21:41:48.971488,-0.30842221143132065
533,001,0.99879,27.6875,3.993743,24.0746,2025-10-06T21:42:06.097983,-0.3182771349045197
534,001,0.998922,27.6875,3.972889,24.12113,2025-10-06T21:42:19.778145,-0.28404708344169194
535,001,0.998865,27.6875,3.98853,24.10112,2025-10-06T21:42:33.657377,-0.2988272633676843
536,001,0.998881,27.6875,3.98853,24.10671,2025-10-06T21:42:46.568033,-0.29467829076747876
537,001,0.998844,27.6875,3.993743,24.09367,2025-10-06T21:43:06.651941,-0.3042729677792977
538,001,0.999008,27.6875,3.98853,24.15165,2025-10-06T21:43:22.029798,-0.26174997769851416
539,001,0.999001,27.6875,3.993743,24.14903,2025-10-06T21:43:40.693258,-0.2635647318379597
540,001,0.998503,27.6875,3.98853,23.97373,2025-10-06T21:43:56.113375,-0.3927291020039547
541,001,0.998461,27.6875,3.993743,23.95896,2025-10-06T21:44:09.190258,-0.40362767720284864
542,001,0.998511,27.6875,3.98853,23.97649,2025-10-06T21:44:27.721625,-0.3906532745694449
543,001,0.99862,27.6875,3.993743,24.0147,2025-10-06T21:44:41.093662,-0.3623730474662352
544,001,0.998548,27.6875,3.98853,23.98936,2025-10-06T21:44:54.258434,-0.381052954155507
545,001,0.998592,27.6875,3.98853,24.00479,2025-10-06T21:45:06.880141,-0.3696371734023387
546,001,0.998555,27.6875,3.98853,23.99177,2025-10-06T21:45:20.120434,-0.3792367478838514
547,001,0.998612,27.6875,3.993743,24.01171,2025-10-06T21:45:40.343279,-0.3644484753691586
548,001,0.998667,27.6875,3.98853,24.0313,2025-10-06T21:45:52.892044,-0.3501805006308132
549,001,0.998413,27.6875,3.993743,23.94219,2025-10-06T21:46:05.712305,-0.4160841816234324
550,001,0.998451,27.6875,3.98853,23.95534,2025-10-06T21:46:20.385392,-0.40622269521168164
551,001,0.998295,27.6875,3.993743,23.90086,2025-10-06T21:46:34.239798,-0.4467109108994691
552,001,0.998375,27.6875,3.98853,23.92889,2025-10-06T21:46:46.943499,-0.42594632987970726
553,001,0.998359,27.6875,3.993743,23.92314,2025-10-06T21:47:17.568405,-0.43009901137395445
554,001,0.99832,27.6875,3.98853,23.90935,2025-10-06T21:47:33.363247,-0.44022166415902575
555,001,0.998323,27.6875,3.993743,23.91055,2025-10-06T21:47:48.203954,-0.4394429738050576
556,001,0.998302,27.6875,3.993743,23.90324,2025-10-06T21:48:05.501078,-0.44489389292937176
557,001,0.998484,27.6875,3.98853,23.96696,2025-10-06T21:48:18.616117,-0.39765930970111185
558,001,0.99843,27.6875,3.993743,23.94792,2025-10-06T21:48:36.415099,-0.41167238220793934
559,001,0.998548,27.6875,3.993743,23.98925,2025-10-06T21:48:54.242508,-0.381052954155507
560,001,0.998461,27.6875,3.993743,23.9588,2025-10-06T21:49:45.002557,-0.40362767720284864
561,001,0.998435,27.6875,3.98853,23.94982,2025-10-06T21:49:57.814818,-0.4103748193525689
562,001,0.998292,27.6875,3.983316,23.8997,2025-10-06T21:50:16.295551,-0.4474896397638304
563,001,0.998438,27.6875,3.993743,23.95079,2025-10-06T21:50:31.110223,-0.4095962871390384
564,001,0.99842,27.6875,3.98853,23.9445,2025-10-06T21:50:44.363291,-0.4142675422931461
565,001,0.998556,27.6875,3.993743,23.99217,2025-10-06T21:51:34.148876,-0.3789772916777565
566,001,0.998612,27.625,3.98853,24.012,2025-10-06T21:51:46.743502,-0.3644484753691586
567,001,0.998521,27.6875,3.98853,23.97998,2025-10-06T21:52:01.623544,-0.3880585315173448
568,001,0.998598,27.6875,3.98853,24.00702,2025-10-06T21:53:03.359606,-0.36808054475068275
569,001,0.998555,27.6875,3.993743,23.99171,2025-10-06T21:53:15.923072,-0.3792367478838514
570,001,0.998648,27.6875,3.98853,24.02435,2025-10-06T21:53:29.054825,-0.3551092806919769
571,001,0.998529,27.6875,3.98853,23.98281,2025-10-06T21:53:41.685415,-0.3859827700675851
572,001,0.998576,27.625,3.993743,23.99914,2025-10-06T21:53:56.549161,-0.3737882637739176
573,001,0.99861,27.6875,3.98853,24.01098,2025-10-06T21:54:12.031714,-0.36496733692615635
574,001,0.998623,27.6875,3.993743,24.01559,2025-10-06T21:54:25.780429,-0.3615947695615205
575,001,0.998616,27.6875,3.993743,24.01315,2025-10-06T21:54:40.729140,-0.36341075775283116
576,001,0.998362,27.6875,3.98853,23.92425,2025-10-06T21:54:55.892866,-0.4293203746551626
577,001,0.99832,27.6875,3.98853,23.90945,2025-10-06T21:55:15.043061,-0.44022166415902575
578,001,0.998516,27.6875,3.98853,23.97828,2025-10-06T21:55:27.620004,-0.38935589731545406
579,001,0.998404,27.625,3.98853,23.93887,2025-10-06T21:55:40.211650,-0.4184198937632573
580,001,0.998443,27.625,3.98853,23.95253,2025-10-06T21:55:58.663739,-0.4082987426161253
581,001,0.998355,27.6875,3.993743,23.92172,2025-10-06T21:56:13.805878,-0.4311372000832989
582,001,0.998454,27.625,3.98853,23.95625,2025-10-06T21:56:26.416770,-0.4054441849967816
583,001,0.998405,27.625,3.98853,23.93924,2025-10-06T21:56:39.201771,-0.4181603683588264
584,001,0.998405,27.625,3.993743,23.93911,2025-10-06T21:56:53.868208,-0.4181603683588264
585,001,0.998443,27.625,3.98853,23.95252,2025-10-06T21:57:06.480456,-0.4082987426161253
586,001,0.998451,27.625,3.98853,23.95547,2025-10-06T21:57:19.053736,-0.40622269521168164
587,001,0.998545,27.6875,3.993743,23.98848,2025-10-06T21:57:31.670391,-0.38183133514485235
588,001,0.998504,27.625,3.993743,23.97412,2025-10-06T21:57:44.333387,-0.39246962197080393
589,001,0.9985,27.625,3.98853,23.97247,2025-10-06T21:57:56.999515,-0.3935075448529233
590,001,0.998587,27.625,3.983316,24.00309,2025-10-06T21:58:09.644922,-0.3709343765443691
591,001,0.99865,27.625,3.972889,24.02523,2025-10-06T21:58:22.314242,-0.3545904539507774
592,001,0.998649,27.625,3.98853,24.02499,2025-10-06T21:58:35.007218,-0.35484986709229815
593,001,0.998563,27.625,3.98853,23.99456,2025-10-06T21:58:48.161605,-0.3771611110645381
594,001,0.998666,27.625,3.98853,24.03093,2025-10-06T21:59:00.871409,-0.35043990598512664
595,001,0.998677,27.625,3.98853,24.03468,2025-10-06T21:59:13.536907,-0.34758647228147765
596,001,0.998639,27.625,3.972889,24.02125,2025-10-06T21:59:26.268112,-0.35744402370187345
597,001,0.998736,27.625,3.98853,24.05534,2025-10-06T21:59:38.934963,-0.332282637348726
598,001,0.998698,27.625,3.98853,24.04225,2025-10-06T21:59:51.524313,-0.3421391618425105
599,001,0.998733,27.625,3.98853,24.05454,2025-10-06T22:00:04.647789,-0.33306075997404605
600,001,0.998761,27.625,3.983316,24.06415,2025-10-06T22:00:19.294256,-0.3257984424293454
601,001,0.998768,27.625,3.98853,24.06666,2025-10-06T22:00:34.548877,-0.32398291914421407
602,001,0.998895,27.625,3.98853,24.11173,2025-10-06T22:00:47.122563,-0.29104803588654704
603,001,0.998866,27.625,3.993743,24.10144,2025-10-06T22:01:00.998182,-0.29856794914633156
604,001,0.998859,27.625,3.98853,24.09898,2025-10-06T22:01:13.687429,-0.30038315831052387
605,001,0.998806,27.625,3.98853,24.08023,2025-10-06T22:01:29.379866,-0.3141276128502568
606,001,0.998788,27.625,3.98853,24.07386,2025-10-06T22:01:42.154517,-0.3187958334040104
607,001,0.998927,27.625,3.98853,24.1227,2025-10-06T22:01:54.815179,-0.282750647390003
608,001,0.99889,27.625,3.98853,24.10967,2025-10-06T22:02:07.452784,-0.2923445451858697
609,001,0.998818,27.625,3.993743,24.08453,2025-10-06T22:02:20.210867,-0.31101554823885635
610,001,0.998949,27.625,3.98853,24.13049,2025-10-06T22:02:32.842974,-0.2770464647210247
611,001,0.998865,27.625,3.98853,24.10102,2025-10-06T22:02:45.509954,-0.2988272633676843
612,001,0.999007,27.625,3.98853,24.15113,2025-10-06T22:02:58.123792,-0.2620092269168026
613,001,0.998997,27.625,3.98853,24.14762,2025-10-06T22:03:10.670484,-0.26460174427268157
614,001,0.99893,27.625,3.993743,24.12387,2025-10-06T22:03:25.261643,-0.2819727912523149
615,001,0.998943,27.625,3.98853,24.12834,2025-10-06T22:03:37.833759,-0.27860212893074277
616,001,0.999004,27.625,3.98853,24.1499,2025-10-06T22:03:50.448645,-0.26278697731788725
617,001,0.999071,27.625,3.98853,24.17392,2025-10-06T22:04:03.025909,-0.2454181996039324
618,001,0.999037,27.625,3.98853,24.16162,2025-10-06T22:04:15.611937,-0.25423194945915384
619,001,0.999123,27.625,3.98853,24.19233,2025-10-06T22:04:28.273429,-0.23193937010921672
620,001,0.999193,27.625,3.98853,24.21709,2025-10-06T22:04:41.427255,-0.21379674571232954
621,001,0.999117,27.625,3.993743,24.19016,2025-10-06T22:04:58.611782,-0.2334945565196449
622,001,0.999117,27.625,3.98853,24.19021,2025-10-06T22:05:11.917263,-0.2334945565196449
623,001,0.998849,27.625,3.98853,24.09524,2025-10-06T22:05:24.805397,-0.3029763531766321
624,001,0.998896,27.5625,3.972889,24.11186,2025-10-06T22:05:37.640774,-0.29078873540004224
625,001,0.998909,27.5625,3.993743,24.11637,2025-10-06T22:05:52.302904,-0.2874178707370447
626,001,0.998986,27.625,3.98853,24.14365,2025-10-06T22:06:05.376360,-0.26745356622882355
627,001,0.99894,27.5625,3.98853,24.12733,2025-10-06T22:06:23.849867,-0.27937996721539093
628,001,0.998995,27.5625,3.98853,24.14672,2025-10-06T22:06:37.032626,-0.2651202532363186
629,001,0.998941,27.5625,3.993743,24.12787,2025-10-06T22:06:49.922645,-0.27912068732950956
630,001,0.999024,27.5625,3.972889,24.15699,2025-10-06T22:07:02.776147,-0.25760205245126144
631,001,0.998869,27.5625,3.993743,24.10251,2025-10-06T22:07:16.551406,-0.2977900092295158
632,001,0.998787,27.5625,3.98853,24.07362,2025-10-06T22:07:29.428410,-0.31905518334065164
633,001,0.998923,27.625,3.972889,24.12148,2025-10-06T22:07:46.394111,-0.2837877953156749
634,001,0.998907,27.5625,3.98853,24.11571,2025-10-06T22:07:59.195085,-0.28793646026463193
635,001,0.998855,27.625,3.98853,24.09732,2025-10-06T22:08:11.902082,-0.301420430762505
636,001,0.9986,27.5625,3.98853,24.00776,2025-10-06T22:08:24.569348,-0.3675616721984625
637,001,0.998626,27.5625,3.983316,24.01668,2025-10-06T22:08:37.251674,-0.3608164957798863
638,001,0.998645,27.5625,3.98853,24.02331,2025-10-06T22:08:49.878976,-0.35588752423916503
639,001,0.998414,27.5625,3.98853,23.94231,2025-10-06T22:09:02.548027,-0.41582466034412846
640,001,0.998512,27.5625,3.993743,23.97668,2025-10-06T22:09:17.696367,-0.39039379820223985
641,001,0.998469,27.5625,3.98853,23.96161,2025-10-06T22:09:32.396516,-0.4015516957925911
642,001,0.998451,27.5625,3.98853,23.9555,2025-10-06T22:09:45.557750,-0.40622269521168164
643,001,0.998468,27.5625,3.993743,23.9614,2025-10-06T22:09:58.143605,-0.4018111918649083
644,001,0.998505,27.5625,3.98853,23.97436,2025-10-06T22:10:10.736108,-0.3922101423959248
645,001,0.998482,27.5625,3.98853,23.96613,2025-10-06T22:10:23.333742,-0.3981782885558687
646,001,0.998409,27.5625,3.98853,23.94066,2025-10-06T22:10:36.133613,-0.41712227132427415
647,001,0.998418,27.5625,3.983316,23.94379,2025-10-06T22:10:48.750112,-0.4147865798100838
648,001,0.998409,27.5625,3.993743,23.94057,2025-10-06T22:11:04.145445,-0.41712227132427415
649,001,0.998432,27.5625,3.98853,23.94863,2025-10-06T22:11:17.531865,-0.4111533556907716
650,001,0.99855,27.5625,3.98853,23.9902,2025-10-06T22:11:30.236508,-0.3805340357870364
651,001,0.998507,27.5625,3.983316,23.97493,2025-10-06T22:12:15.183652,-0.3916911846208677
652,001,0.998633,27.5625,3.98853,24.0191,2025-10-06T22:12:27.774217,-0.3590005396562219
653,001,0.998587,27.5625,3.983316,24.00303,2025-10-06T22:12:46.983649,-0.3709343765443691
654,001,0.998591,27.5625,3.98853,24.00444,2025-10-06T22:12:59.586254,-0.36989661311440614
655,001,0.998711,27.5625,3.983316,24.04667,2025-10-06T22:13:41.584178,-0.33876711850996344
656,001,0.998693,27.5625,3.993743,24.04029,2025-10-06T22:13:55.454872,-0.3434361221968629
657,001,0.998659,27.5625,3.993743,24.02856,2025-10-06T22:14:14.952409,-0.35225575629078776
658,001,0.998503,27.5625,3.983316,23.97374,2025-10-06T22:17:47.258346,-0.3927291020039547
659,001,0.998476,27.5625,3.98853,23.96416,2025-10-06T22:17:59.874851,-0.39973523611820383
660,001,0.998501,27.5625,3.98853,23.97277,2025-10-06T22:18:14.607237,-0.39324806344495755
661,001,0.998544,27.5625,3.983316,23.98808,2025-10-06T22:18:27.215183,-0.38209079639102583
662,001,0.998482,27.5625,3.983316,23.96616,2025-10-06T22:18:40.106501,-0.3981782885558687
663,001,0.998657,27.5625,3.98853,24.02769,2025-10-06T22:18:53.331087,-0.352774574786622
664,001,0.998571,27.5625,3.983316,23.99746,2025-10-06T22:19:06.181751,-0.3750855035685845
665,001,0.998519,27.5625,3.983316,23.97925,2025-10-06T22:19:19.399753,-0.38857747646193275
666,001,0.998488,27.5625,3.98853,23.96822,2025-10-06T22:19:31.994858,-0.3966213574909716
667,001,0.998374,27.5625,3.98853,23.92844,2025-10-06T22:19:47.010453,-0.42620586903524327
668,001,0.998562,27.5,3.98853,23.99437,2025-10-06T22:19:59.653607,-0.37742056406329993
669,001,0.998596,27.5625,3.98853,24.00629,2025-10-06T22:20:16.046825,-0.36859941913530747
670,001,0.99864,27.5625,3.98853,24.02162,2025-10-06T22:20:32.210136,-0.3571846059796826
671,001,0.998554,27.5625,3.98853,23.99162,2025-10-06T22:20:45.058641,-0.3794962045481043
672,001,0.998736,27.5625,3.993743,24.05557,2025-10-06T22:21:52.847579,-0.332282637348726
673,001,0.998683,27.5625,3.993743,24.03666,2025-10-06T22:22:06.609042,-0.34603007725843327
674,001,0.998724,27.5,3.983316,24.05117,2025-10-06T22:22:22.032640,-0.33539515258200936
675,001,0.998689,27.5,3.967675,24.03893,2025-10-06T22:22:36.946549,-0.34447369872498257
676,001,0.998712,27.5625,3.98853,24.04694,2025-10-06T22:22:49.767686,-0.33850773376730103
677,001,0.998792,27.5625,3.983316,24.07519,2025-10-06T22:23:02.499963,-0.317758438236865
678,001,0.998792,27.5625,3.983316,24.0751,2025-10-06T22:23:16.687960,-0.317758438236865
679,001,0.998835,27.5625,3.98853,24.0904,2025-10-06T22:23:33.907007,-0.3066069029104028
680,001,0.998869,27.5625,3.983316,24.10241,2025-10-06T22:23:46.787946,-0.2977900092295158
681,001,0.998846,27.5,3.983316,24.09433,2025-10-06T22:23:59.400296,-0.3037543205646216
682,001,0.998906,27.5625,3.983316,24.11547,2025-10-06T22:24:12.705640,-0.28819575571526457
683,001,0.998913,27.5,3.983316,24.11784,2025-10-06T22:24:31.142229,-0.28638069717499093
684,001,0.998992,27.5,3.983316,24.14574,2025-10-06T22:24:43.949681,-0.2658980201144914
685,001,0.998928,27.5,3.967675,24.12325,2025-10-06T22:24:57.140104,-0.28249136155295673
686,001,0.998989,27.5,3.98853,24.14467,2025-10-06T22:25:09.960450,-0.26667579111187933
687,001,0.998979,27.5,3.98853,24.1413,2025-10-06T22:25:22.650711,-0.2692683908549043
688,001,0.999095,27.5625,3.98853,24.18247,2025-10-06T22:25:37.353406,-0.2391970476245433
689,001,0.999054,27.5625,3.983316,24.16789,2025-10-06T22:25:54.847766,-0.24982500840269495
690,001,0.999074,27.5625,3.98853,24.17477,2025-10-06T22:26:07.536952,-0.2446405411917567
691,001,0.999003,27.5,3.983316,24.14987,2025-10-06T22:26:20.209347,-0.26304622836676117
692,001,0.999091,27.5,3.98853,24.18098,2025-10-06T22:26:33.104529,-0.24023388798354972
693,001,0.999043,27.5,3.983316,24.16384,2025-10-06T22:26:45.665752,-0.25267654339552337
694,001,0.998751,27.5625,3.983316,24.06074,2025-10-06T22:27:00.479601,-0.32839208604900705
695,001,0.998721,27.5,3.967675,24.05024,2025-10-06T22:27:13.122859,-0.3361732916952178
696,001,0.998692,27.5,3.983316,24.03987,2025-10-06T22:27:25.838059,-0.343695515641798
697,001,0.998798,27.5,3.983316,24.07726,2025-10-06T22:27:38.405741,-0.31620235922389384
698,001,0.998749,27.5,3.983316,24.06012,2025-10-06T22:27:55.188546,-0.3289108202686748
699,001,0.998544,27.5,3.983316,23.98814,2025-10-06T22:28:08.406090,-0.38209079639102583
700,001,0.998426,27.5,3.983316,23.94648,2025-10-06T22:28:21.117496,-0.41271044074210295
701,001,0.998539,27.5,3.983316,23.98623,2025-10-06T22:28:34.320628,-0.38338810949471736
702,001,0.998563,27.5,3.983316,23.99471,2025-10-06T22:28:47.012448,-0.3771611110645381
703,001,0.998585,27.5,3.983316,24.00221,2025-10-06T22:28:59.828518,-0.3714532610082415
704,001,0.998651,27.5,3.983316,24.0257,2025-10-06T22:29:12.580784,-0.35433104126752824
705,001,0.998649,27.5,3.983316,24.02495,2025-10-06T22:29:25.240431,-0.35484986709229815
706,001,0.998642,27.5,3.983316,24.02251,2025-10-06T22:29:38.043301,-0.35666577190920634
707,001,0.998662,27.5,3.983316,24.02945,2025-10-06T22:29:50.835109,-0.3514775319827095
708,001,0.998599,27.5,3.98853,24.00718,2025-10-06T22:30:04.046020,-0.36782110824549363
709,001,0.99873,27.5,3.983316,24.05332,2025-10-06T22:30:18.266019,-0.3338388867214235
710,001,0.998747,27.5,3.98853,24.05933,2025-10-06T22:30:31.032942,-0.32942955632017856
711,001,0.998669,27.5,3.983316,24.03202,2025-10-06T22:30:43.656157,-0.34966169129654645
712,001,0.998629,27.5,3.983316,24.01786,2025-10-06T22:30:58.299025,-0.36003822612110525
713,001,0.998743,27.5,3.98853,24.05791,2025-10-06T22:31:18.715939,-0.33046703391880783
714,001,0.998736,27.5,3.983316,24.05545,2025-10-06T22:31:37.299432,-0.332282637348726
715,001,0.998741,27.5,3.983316,24.05715,2025-10-06T22:31:51.695109,-0.330985775466047
716,001,0.998795,27.5,3.983316,24.07624,2025-10-06T22:32:06.916789,-0.3169803966698055
717,001,0.998907,27.5,3.98853,24.11597,2025-10-06T22:32:48.581946,-0.28793646026463193
718,001,0.998428,27.5,3.983316,23.94728,2025-10-06T22:33:01.205514,-0.4121914105583073
719,001,0.998453,27.5,3.98853,23.95596,2025-10-06T22:33:15.866771,-0.4057036879435145
720,001,0.998443,27.5,3.98853,23.95258,2025-10-06T22:33:28.495629,-0.4082987426161253
721,001,0.998479,27.5,3.98853,23.96505,2025-10-06T22:33:41.130175,-0.39895676027481386
722,001,0.998454,27.5,3.98853,23.95635,2025-10-06T22:33:53.793935,-0.4054441849967816
723,001,0.998422,27.5,3.983316,23.94503,2025-10-06T22:34:06.499136,-0.41374850660940865
724,001,0.998439,27.5,3.98853,23.95126,2025-10-06T22:34:19.198475,-0.40933677731777607
725,001,0.998525,27.5,3.983316,23.98144,2025-10-06T22:34:31.910915,-0.38702064712663287
726,001,0.998448,27.5,3.983316,23.95446,2025-10-06T22:34:45.174320,-0.4070012095510265
727,001,0.998441,27.5,3.98853,23.95201,2025-10-06T22:34:57.834748,-0.4088177590504074
728,001,0.998356,27.5,3.983316,23.92196,2025-10-06T22:35:12.236797,-0.43087765221844165
729,001,0.998381,27.5,3.98853,23.93102,2025-10-06T22:35:24.896150,-0.4243891045730379
730,001,0.998299,27.5,3.967675,23.90215,2025-10-06T22:35:37.545548,-0.4456726121658221
731,001,0.998382,27.5,3.983316,23.93112,2025-10-06T22:35:50.257174,-0.42412956862608553
732,001,0.998371,27.5,3.983316,23.92741,2025-10-06T22:36:02.940739,-0.42698448925204957
733,001,0.998388,27.5,3.98853,23.93332,2025-10-06T22:36:15.535965,-0.4225723625711453
734,001,0.998378,27.5,3.98853,23.92976,2025-10-06T22:36:28.228582,-0.4251677151636386
735,001,0.99841,27.5,3.98853,23.94099,2025-10-06T22:36:40.911199,-0.41686274821165625
736,001,0.998408,27.5,3.98853,23.9403,2025-10-06T22:36:56.762969,-0.41738179489550475
737,001,0.998485,27.5,3.983316,23.96722,2025-10-06T22:37:09.399965,-0.3973998209612546
738,001,0.998466,27.5,3.983316,23.96062,2025-10-06T22:37:22.195347,-0.40233018538424403
739,001,0.998433,27.5,3.983316,23.94909,2025-10-06T22:37:35.021443,-0.41089384311965205
740,001,0.998491,27.5,3.983316,23.96951,2025-10-06T22:37:47.712735,-0.3958428981450197
741,001,0.998531,27.5,3.983316,23.9836,2025-10-06T22:38:00.421580,-0.38546383428729314
742,001,0.998483,27.5,3.983316,23.96663,2025-10-06T22:38:13.198714,-0.39791879889946813
743,001,0.998494,27.5,3.98853,23.97041,2025-10-06T22:38:25.888603,-0.39506444292339893
744,001,0.998235,27.5,3.983316,23.87994,2025-10-06T22:38:38.806300,-0.46228627220853014
745,001,0.998152,27.5,3.98853,23.85097,2025-10-06T22:38:54.063492,-0.48383490991670897
746,001,0.998198,27.5,3.98853,23.86678,2025-10-06T22:39:08.901609,-0.47189190117649105
747,001,0.998259,27.5,3.98853,23.88832,2025-10-06T22:39:21.802530,-0.45605592961055663
748,001,0.998317,27.5,3.983316,23.90855,2025-10-06T22:39:34.992357,-0.4410003586390303
749,001,0.998328,27.5,3.983316,23.91244,2025-10-06T22:39:47.628698,-0.43814516571728745
750,001,0.998387,27.5,3.98853,23.93303,2025-10-06T22:40:00.301002,-0.4228318957677857
751,001,0.998358,27.5,3.983316,23.92283,2025-10-06T22:40:18.724138,-0.4303585578637694
752,001,0.998368,27.4375,3.983316,23.92628,2025-10-06T22:40:31.558851,-0.42776311359409647
753,001,0.99839,27.5,3.983316,23.93408,2025-10-06T22:40:44.268167,-0.42205329755313414
754,001,0.99839,27.5,3.983316,23.93405,2025-10-06T22:40:56.919991,-0.42205329755313414
755,001,0.998314,27.4375,3.983316,23.90755,2025-10-06T22:41:09.516020,-0.4417790572448439
756,001,0.998328,27.4375,3.98853,23.91231,2025-10-06T22:41:22.126380,-0.43814516571728745
757,001,0.998363,27.5,3.983316,23.92456,2025-10-06T22:41:34.853169,-0.42906082999888895
758,001,0.998326,27.5,3.983316,23.91171,2025-10-06T22:41:47.679766,-0.43866428757712583
759,001,0.998393,27.5,3.983316,23.93502,2025-10-06T22:42:00.432829,-0.4212747034637232
760,001,0.998416,27.4375,3.98853,23.94294,2025-10-06T22:42:13.104288,-0.41530561916044917
761,001,0.9984,27.4375,3.98853,23.93758,2025-10-06T22:42:27.253821,-0.41945799996449296
762,001,0.998395,27.5,3.983316,23.9359,2025-10-06T22:42:39.852369,-0.4207556430292243
763,001,0.998399,27.4375,3.983316,23.93699,2025-10-06T22:42:52.434249,-0.4197175276607368
764,001,0.998363,27.4375,3.98853,23.92447,2025-10-06T22:43:06.289743,-0.42906082999888895
765,001,0.998404,27.4375,3.98853,23.939,2025-10-06T22:43:20.072705,-0.4184198937632573
766,001,0.998341,27.4375,3.98853,23.91701,2025-10-06T22:43:32.731479,-0.43477091832551196
767,001,0.998276,27.4375,3.983316,23.89411,2025-10-06T22:43:45.372237,-0.4516429300620075
768,001,0.998347,27.4375,3.993743,23.91895,2025-10-06T22:43:59.206715,-0.43321359950550686
769,001,0.998286,27.4375,3.983316,23.89753,2025-10-06T22:44:14.444417,-0.44904710987111685
770,001,0.998318,27.4375,3.98853,23.90871,2025-10-06T22:44:27.058264,-0.4407407933538252
771,001,0.998311,27.4375,3.98853,23.90646,2025-10-06T22:44:39.834482,-0.44255775997692126
772,001,0.99832,27.4375,3.983316,23.90941,2025-10-06T22:44:52.499536,-0.44022166415902575
773,001,0.998425,27.4375,3.98853,23.9464,2025-10-06T22:45:05.376684,-0.4129699565213514
774,001,0.99845,27.4375,3.98853,23.95501,2025-10-06T22:45:18.235831,-0.4064821995331158
775,001,0.998364,27.4375,3.983316,23.92495,2025-10-06T22:45:30.852893,-0.428801285801228
776,001,0.998368,27.4375,3.98853,23.92631,2025-10-06T22:45:43.538448,-0.42776311359409647
777,001,0.998404,27.4375,3.983316,23.93901,2025-10-06T22:45:56.140365,-0.4184198937632573
778,001,0.998382,27.4375,3.983316,23.93111,2025-10-06T22:46:08.720662,-0.42412956862608553
779,001,0.998509,27.4375,3.983316,23.9757,2025-10-06T22:46:21.525175,-0.39117222867855617
780,001,0.998436,27.4375,3.98853,23.95024,2025-10-06T22:46:34.146525,-0.410115308156378
781,001,0.998537,27.4375,3.98853,23.98547,2025-10-06T22:46:49.463869,-0.3839070379436862
782,001,0.998455,27.4375,3.983316,23.95693,2025-10-06T22:47:02.081924,-0.40518468250854767
783,001,0.998437,27.4375,3.983316,23.95057,2025-10-06T22:47:14.677216,-0.40985579741857237
784,001,0.998494,27.4375,3.983316,23.97059,2025-10-06T22:47:31.912354,-0.39506444292339893
785,001,0.998465,27.4375,3.983316,23.96024,2025-10-06T22:47:44.483781,-0.4025896828314899
786,001,0.998476,27.4375,3.98853,23.96422,2025-10-06T22:47:59.127772,-0.39973523611820383
787,001,0.998501,27.4375,3.983316,23.97281,2025-10-06T22:48:12.376075,-0.39324806344495755
788,001,0.998459,27.4375,3.98853,23.95814,2025-10-06T22:48:25.050212,-0.4041466771382147
789,001,0.998576,27.4375,3.98853,23.99915,2025-10-06T22:48:37.709648,-0.3737882637739176
790,001,0.998612,27.4375,3.98853,24.01174,2025-10-06T22:48:50.313407,-0.3644484753691586
791,001,0.998624,27.4375,3.983316,24.01603,2025-10-06T22:49:02.923140,-0.36133534450971183
792,001,0.998643,27.4375,3.983316,24.02266,2025-10-06T22:49:15.664943,-0.3564063555610346
793,001,0.99852,27.4375,3.98853,23.97972,2025-10-06T22:49:29.549470,-0.3883180037604461
794,001,0.998481,27.4375,3.98853,23.96588,2025-10-06T22:49:42.181964,-0.39843777867054087
795,001,0.998622,27.4375,3.98853,24.01535,2025-10-06T22:49:56.125744,-0.36185419507171446
796,001,0.998651,27.4375,3.983316,24.02546,2025-10-06T22:50:08.756568,-0.35433104126752824
797,001,0.998597,27.4375,3.983316,24.00645,2025-10-06T22:50:21.365702,-0.36833998171391613
798,001,0.998606,27.4375,3.983316,24.00963,2025-10-06T22:50:34.601527,-0.3660050655374789
799,001,0.99858,27.4375,3.983316,24.0007,2025-10-06T22:50:47.253402,-0.3727504801854593
800,001,0.998548,27.4375,3.98853,23.98945,2025-10-06T22:50:59.854470,-0.381052954155507
801,001,0.998619,27.4375,3.98853,24.01434,2025-10-06T22:51:12.525585,-0.3626324743507894
802,001,0.998594,27.4375,3.983316,24.00568,2025-10-06T22:51:25.160160,-0.36911829535245033
803,001,0.99852,27.4375,3.983316,23.97943,2025-10-06T22:51:37.879751,-0.3883180037604461
804,001,0.998576,27.4375,3.98853,23.99932,2025-10-06T22:51:53.161387,-0.3737882637739176
805,001,0.998547,27.4375,3.983316,23.9889,2025-10-06T22:52:05.800948,-0.3813124140272066
806,001,0.998611,27.4375,3.98853,24.01141,2025-10-06T22:52:18.402750,-0.36470790591852165
807,001,0.998568,27.4375,3.98853,23.99628,2025-10-06T22:52:31.023513,-0.3758638529433256
808,001,0.998597,27.4375,3.98853,24.00654,2025-10-06T22:52:43.716342,-0.36833998171391613
809,001,0.998645,27.4375,3.983316,24.02356,2025-10-06T22:52:56.414110,-0.35588752423916503
810,001,0.998675,27.4375,3.983316,24.03419,2025-10-06T22:53:09.117901,-0.3481052742869224
811,001,0.998635,27.4375,3.983316,24.02006,2025-10-06T22:53:21.856264,-0.35848169917244377
812,001,0.998737,27.4375,3.983316,24.05594,2025-10-06T22:53:34.513225,-0.3320232640562608
813,001,0.998767,27.4375,3.983316,24.06626,2025-10-06T22:53:47.227786,-0.3242422782396943
814,001,0.998739,27.4375,3.98853,24.05649,2025-10-06T22:53:59.897403,-0.33150451884500853
815,001,0.998652,27.4375,3.983316,24.02594,2025-10-06T22:54:35.533921,-0.3540716290419823
816,001,0.998736,27.4375,3.983316,24.05554,2025-10-06T22:54:48.750158,-0.332282637348726
817,001,0.998079,26.8125,3.952033,23.82536,2025-10-07T03:00:57.079495,-0.5027899376138976
818,001,0.998971,26.25,3.894682,24.13853,2025-10-07T08:34:09.452485,-0.2713425036051831
819,001,0.998966,26.25,3.889468,24.13653,2025-10-07T08:34:22.051586,-0.2726388389503427
820,001,0.999012,26.25,3.889468,24.1528,2025-10-07T08:34:34.648383,-0.2607129854023924
821,001,0.999032,26.25,3.889468,24.15982,2025-10-07T08:34:47.227455,-0.25552813376430095
822,001,0.999158,26.25,3.889468,24.20453,2025-10-07T08:35:01.899913,-0.2228677776765835
823,001,0.999138,26.25,3.889468,24.19739,2025-10-07T08:35:14.477396,-0.22805147614906218
824,001,0.999059,26.25,3.894682,24.16949,2025-10-07T08:35:27.075463,-0.2485288744387617
825,001,0.999133,26.25,3.889468,24.19595,2025-10-07T08:35:39.668884,-0.2293474293635427
826,001,0.999079,26.25,3.889468,24.17654,2025-10-07T08:35:52.279919,-0.24334445299041363
827,001,0.99908,26.1875,3.889468,24.17682,2025-10-07T08:36:05.072125,-0.24308523672300453
828,001,0.998945,26.25,3.894682,24.12911,2025-10-07T08:36:19.703933,-0.27808357236324355
829,001,0.999005,26.1875,3.889468,24.15047,2025-10-07T08:36:32.527728,-0.2625277267263755
830,001,0.999,26.25,3.894682,24.14866,2025-10-07T08:36:45.090964,-0.2638239842601706
831,001,0.998981,26.1875,3.889468,24.14207,2025-10-07T08:36:57.683578,-0.2687498672445372
832,001,0.999027,26.1875,3.889468,24.15839,2025-10-07T08:37:10.508787,-0.25682432951123246
833,001,0.999015,26.25,3.889468,24.1541,2025-10-07T08:37:23.104110,-0.2599352459858437
834,001,0.999028,26.1875,3.889468,24.15854,2025-10-07T08:37:35.708767,-0.25656508944643974
835,001,0.999014,26.1875,3.889468,24.15343,2025-10-07T08:37:48.494495,-0.2601944920003234
836,001,0.998985,26.1875,3.889468,24.14322,2025-10-07T08:38:01.081985,-0.2677128255164689
837,001,0.999049,26.25,3.889468,24.16609,2025-10-07T08:38:17.083546,-0.2511211538075031
838,001,0.99898,26.1875,3.889468,24.14153,2025-10-07T08:38:29.654593,-0.269009128820926
839,001,0.999064,26.1875,3.889468,24.1712,2025-10-07T08:38:42.236659,-0.24723275191581706
840,001,0.999087,26.25,3.894682,24.17948,2025-10-07T08:38:56.905103,-0.24127073566421586
841,001,0.999021,26.1875,3.889468,24.15606,2025-10-07T08:39:09.682936,-0.2583797795103919
842,001,0.999051,26.1875,3.894682,24.16663,2025-10-07T08:39:22.285143,-0.2506026942726294
843,001,0.998976,26.1875,3.889468,24.14024,2025-10-07T08:39:34.873735,-0.2700461797033995
844,001,0.999049,26.1875,3.889468,24.16609,2025-10-07T08:39:47.495683,-0.2511211538075031
845,001,0.999021,26.1875,3.894682,24.15624,2025-10-07T08:40:00.067418,-0.2583797795103919
846,001,0.998988,26.1875,3.889468,24.14428,2025-10-07T08:40:12.637579,-0.26693504902652876
847,001,0.998974,26.1875,3.889468,24.13935,2025-10-07T08:40:25.276237,-0.27056470789091236
848,001,0.998958,26.1875,3.889468,24.13376,2025-10-07T08:40:39.908001,-0.27471299930482473
849,001,0.998964,26.1875,3.889468,24.13585,2025-10-07T08:40:53.008878,-0.27315737629248815
850,001,0.998983,26.1875,3.889468,24.14281,2025-10-07T08:41:05.611306,-0.26823134546509664
851,001,0.998908,26.1875,3.863399,24.11627,2025-10-07T08:41:18.213149,-0.2876771652718162
852,001,0.999037,26.1875,3.889468,24.16178,2025-10-07T08:41:32.851813,-0.25423194945915384
853,001,0.999009,26.1875,3.889468,24.15188,2025-10-07T08:41:45.437009,-0.2614907289379289
854,001,0.998928,26.1875,3.894682,24.12327,2025-10-07T08:41:58.046182,-0.28249136155295673
855,001,0.998948,26.1875,3.894682,24.13021,2025-10-07T08:42:10.634407,-0.2773057409449393
856,001,0.998929,26.1875,3.889468,24.1235,2025-10-07T08:42:23.333914,-0.28223207617384105
857,001,0.998997,26.1875,3.894682,24.14776,2025-10-07T08:42:37.148284,-0.26460174427268157
858,001,0.999143,26.1875,3.889468,24.19926,2025-10-07T08:42:49.773080,-0.22675553437329654
859,001,0.999058,26.1875,3.889468,24.16934,2025-10-07T08:43:02.352665,-0.24878810031646026
860,001,0.999024,26.1875,3.889468,24.15699,2025-10-07T08:43:14.936405,-0.25760205245126144
861,001,0.999007,26.1875,3.889468,24.15099,2025-10-07T08:43:27.540784,-0.2620092269168026
862,001,0.9991,26.1875,3.889468,24.18414,2025-10-07T08:43:40.130020,-0.23790100747146425
863,001,0.999014,26.1875,3.889468,24.15348,2025-10-07T08:43:53.034946,-0.2601944920003234
864,001,0.999026,26.1875,3.889468,24.15802,2025-10-07T08:44:05.677213,-0.257083570033501
865,001,0.999028,26.1875,3.889468,24.15848,2025-10-07T08:44:18.438690,-0.25656508944643974
866,001,0.999091,26.1875,3.889468,24.18095,2025-10-07T08:44:31.025775,-0.24023388798354972
867,001,0.999037,26.1875,3.889468,24.16162,2025-10-07T08:44:43.628745,-0.25423194945915384
868,001,0.999121,26.1875,3.889468,24.19151,2025-10-07T08:44:56.210855,-0.23245776374915295
869,001,0.999115,26.1875,3.889468,24.18949,2025-10-07T08:45:10.873695,-0.234012955650428
870,001,0.999105,26.1875,3.894682,24.18596,2025-10-07T08:45:23.461866,-0.23660497875823694
871,001,0.999075,26.1875,3.894682,24.17512,2025-10-07T08:45:36.054324,-0.2443813226362863
872,001,0.999053,26.1875,3.894682,24.16734,2025-10-07T08:45:51.619758,-0.2500842365684548
873,001,0.999021,26.1875,3.889468,24.15601,2025-10-07T08:46:04.205325,-0.2583797795103919
874,001,0.999055,26.1875,3.889468,24.16805,2025-10-07T08:46:18.852462,-0.24956578069452462
875,001,0.999132,26.1875,3.889468,24.19542,2025-10-07T08:46:31.466197,-0.22960662137916188
876,001,0.999079,26.1875,3.889468,24.1765,2025-10-07T08:46:44.256490,-0.24334445299041363
877,001,0.999084,26.1875,3.889468,24.1784,2025-10-07T08:46:56.838775,-0.2420483762294907
878,001,0.999135,26.1875,3.894682,24.19659,2025-10-07T08:47:09.438739,-0.22882904670530024
879,001,0.999203,26.1875,3.889468,24.22051,2025-10-07T08:47:22.044029,-0.21120512523066282
880,001,0.999097,26.1875,3.889468,24.18305,2025-10-07T08:47:34.657774,-0.2386786301904067
881,001,0.99919,26.1875,3.894682,24.21616,2025-10-07T08:47:49.471612,-0.21457424077789256
882,001,0.999117,26.1875,3.889468,24.19012,2025-10-07T08:48:02.081085,-0.2334945565196449
883,001,0.998961,26.1875,3.889468,24.13505,2025-10-07T08:48:14.744120,-0.27393518573876463
884,001,0.99902,26.1875,3.889468,24.15578,2025-10-07T08:48:27.389877,-0.25863902277865236
885,001,0.998885,26.1875,3.894682,24.10814,2025-10-07T08:48:39.979962,-0.2936410659307285
886,001,0.998995,26.1875,3.894682,24.14693,2025-10-07T08:48:52.569216,-0.2651202532363186
887,001,0.998943,26.1875,3.889468,24.12834,2025-10-07T08:49:05.171690,-0.27860212893074277
888,001,0.99902,26.1875,3.889468,24.15572,2025-10-07T08:49:17.971814,-0.25863902277865236
889,001,0.998916,26.1875,3.889468,24.11896,2025-10-07T08:49:30.548449,-0.28560282181035745
890,001,0.998988,26.1875,3.889468,24.14457,2025-10-07T08:49:43.429102,-0.26693504902652876
891,001,0.999067,26.1875,3.889468,24.17236,2025-10-07T08:49:56.056231,-0.24645508389357929
892,001,0.998942,26.1875,3.889468,24.12826,2025-10-07T08:50:08.853787,-0.2788614079013314
893,001,0.998982,26.1875,3.889468,24.14244,2025-10-07T08:50:21.647722,-0.2684906061259653
894,001,0.998928,26.1875,3.889468,24.1231,2025-10-07T08:50:34.247021,-0.28249136155295673
895,001,0.998933,26.1875,3.889468,24.12505,2025-10-07T08:50:48.805118,-0.2811949392347515
896,001,0.999011,26.1875,3.889468,24.15262,2025-10-07T08:51:01.386508,-0.26097223278975434
897,001,0.998889,26.1875,3.889468,24.10944,2025-10-07T08:51:13.983886,-0.2926038484191622
898,001,0.999128,26.1875,3.889468,24.19418,2025-10-07T08:51:26.786840,-0.23064339401696543
899,001,0.998978,26.1875,3.889468,24.14072,2025-10-07T08:51:39.382900,-0.2695276533466995
900,001,0.998947,26.1875,3.889468,24.12994,2025-10-07T08:51:51.961370,-0.27756501762655716
901,001,0.998963,26.1875,3.889468,24.13571,2025-10-07T08:52:04.561001,-0.2734166456502862
902,001,0.999005,26.1875,3.889468,24.15026,2025-10-07T08:52:17.258646,-0.2625277267263755
903,001,0.998944,26.1875,3.889468,24.12893,2025-10-07T08:52:29.851100,-0.2783428504180847
904,001,0.998958,26.1875,3.884254,24.13392,2025-10-07T08:52:42.488342,-0.27471299930482473
905,001,0.999026,26.1875,3.889468,24.15787,2025-10-07T08:52:55.096962,-0.257083570033501
906,001,0.999038,26.1875,3.889468,24.16223,2025-10-07T08:53:07.848182,-0.25397271397116583
907,001,0.998985,26.1875,3.889468,24.14342,2025-10-07T08:53:20.478047,-0.2677128255164689
908,001,0.999044,26.1875,3.894682,24.16421,2025-10-07T08:53:33.026707,-0.25241731065352724
909,001,0.998979,26.1875,3.889468,24.1412,2025-10-07T08:53:45.632855,-0.2692683908549043
910,001,0.999037,26.1875,3.894682,24.16158,2025-10-07T08:53:58.269194,-0.25423194945915384
911,001,0.99903,26.1875,3.889468,24.15924,2025-10-07T08:54:10.920646,-0.2560466106900776
912,001,0.999032,26.1875,3.889468,24.15997,2025-10-07T08:54:23.510426,-0.25552813376430095
913,001,0.998967,26.1875,3.889468,24.13689,2025-10-07T08:54:36.122217,-0.2723795709657679
914,001,0.999006,26.1875,3.894682,24.15075,2025-10-07T08:54:48.714677,-0.2622684765927943
915,001,0.999054,26.1875,3.889468,24.16764,2025-10-07T08:55:01.312750,-0.24982500840269495
916,001,0.998998,26.1875,3.889468,24.14791,2025-10-07T08:55:13.896978,-0.2643424904774747
917,001,0.998977,26.1875,3.889468,24.14057,2025-10-07T08:55:26.482488,-0.2697869162961979
918,001,0.999054,26.1875,3.894682,24.16792,2025-10-07T08:55:39.085856,-0.24982500840269495
919,001,0.999028,26.1875,3.889468,24.15872,2025-10-07T08:55:51.678936,-0.25656508944643974
920,001,0.998975,26.1875,3.889468,24.14,2025-10-07T08:56:04.281194,-0.27030544356819064
921,001,0.999061,26.1875,3.889468,24.17029,2025-10-07T08:56:16.881232,-0.2480104240567016
922,001,0.999028,26.1875,3.889468,24.1585,2025-10-07T08:56:29.489280,-0.25656508944643974
923,001,0.999056,26.1875,3.889468,24.16866,2025-10-07T08:56:42.070568,-0.2493065534441712
924,001,0.999078,26.1875,3.889468,24.17636,2025-10-07T08:56:54.673080,-0.24360366971552594
925,001,0.99906,26.1875,3.889468,24.16989,2025-10-07T08:57:07.304545,-0.24826964901899373
926,001,0.999105,26.1875,3.889468,24.1858,2025-10-07T08:57:19.979080,-0.23660497875823694
927,001,0.999042,26.1875,3.889468,24.16351,2025-10-07T08:57:32.579273,-0.2529357765954501
928,001,0.999085,26.1875,3.889468,24.17887,2025-10-07T08:57:45.166308,-0.24178916225002922
929,001,0.999121,26.1875,3.889468,24.19157,2025-10-07T08:57:57.958563,-0.23245776374915295
930,001,0.999084,26.1875,3.889468,24.17855,2025-10-07T08:58:10.556575,-0.2420483762294907
931,001,0.999066,26.1875,3.889468,24.172,2025-10-07T08:58:23.152572,-0.24671430610999323
932,001,0.999103,26.1875,3.889468,24.18515,2025-10-07T08:58:35.842391,-0.23712338887071382
933,001,0.999128,26.1875,3.889468,24.19397,2025-10-07T08:58:48.642000,-0.23064339401696543
934,001,0.999041,26.1875,3.889468,24.16304,2025-10-07T08:59:01.278095,-0.25319501025273894
935,001,0.999135,26.1875,3.889468,24.19632,2025-10-07T08:59:13.933886,-0.22882904670530024
936,001,0.99917,26.1875,3.889468,24.20887,2025-10-07T08:59:26.557658,-0.21975764643832463
937,001,0.999218,26.1875,3.889468,24.22607,2025-10-07T08:59:39.365702,-0.20731778028459757
938,001,0.999151,26.1875,3.889468,24.20199,2025-10-07T08:59:52.032592,-0.22468205132406638
939,001,0.99912,26.1875,3.889468,24.19131,2025-10-07T09:00:04.620949,-0.23271696125539165
940,001,0.999166,26.1875,3.889468,24.20729,2025-10-07T09:00:17.219382,-0.22079434953082
941,001,0.999201,26.1875,3.889468,24.21974,2025-10-07T09:00:31.857663,-0.21172344566718948
942,001,0.999196,26.1875,3.889468,24.218,2025-10-07T09:00:44.492278,-0.2130192547642764
943,001,0.999142,26.1875,3.889468,24.19886,2025-10-07T09:00:57.156743,-0.22701472181336158
944,001,0.999194,26.1875,3.889468,24.21739,2025-10-07T09:01:09.982037,-0.21353758160557845
945,001,0.99915,26.1875,3.889468,24.20172,2025-10-07T09:02:12.577656,-0.22494123510386999
946,001,0.999208,26.1875,3.889468,24.22255,2025-10-07T09:02:12.593633,-0.2099093321452301
947,001,0.999159,26.1875,3.889468,24.20502,2025-10-07T09:02:19.263649,-0.22260859755692763
948,001,0.999195,26.1875,3.884254,24.21764,2025-10-07T09:02:31.954492,-0.21327841795618951
